url,avg_f1,max_f1,avg_tpr,max_tpr,ens_tpr,ens_f1,knn_tpr,knn_f1,cumul_tpr,cumul_f1,kfp_tpr,kfp_f1
22kqas2t4ijsfax6.onion,0.916051015588,0.92,0.961904761905,0.985714285714,0.985714285714,0.938775510204,0.942857142857,0.910344827586,0.957142857143,0.917808219178,0.985714285714,0.92
22l22fplmj5cqpbp.onion,0.32792439128,0.427672955975,0.414285714286,0.585714285714,0.514285714286,0.406779661017,0.171428571429,0.176470588235,0.585714285714,0.37962962963,0.485714285714,0.427672955975
23tjl3xpt5btiqms.onion,0.615105646298,0.643835616438,0.614285714286,0.671428571429,0.742857142857,0.707482993197,0.585714285714,0.598540145985,0.585714285714,0.602941176471,0.671428571429,0.643835616438
25ffhnaechrbzwf3.onion,0.848914805783,0.904109589041,0.861904761905,0.942857142857,0.971428571429,0.925170068027,0.8,0.805755395683,0.942857142857,0.904109589041,0.842857142857,0.836879432624
2h3xkc7wmxthijqb.onion,0.251144320361,0.387878787879,0.271428571429,0.457142857143,0.257142857143,0.248275862069,0.128571428571,0.135338345865,0.457142857143,0.387878787879,0.228571428571,0.230215827338
2jv5r7k66ralyk3g.onion,0.939717000887,0.992907801418,0.957142857143,1.0,1.0,0.992907801418,0.871428571429,0.847222222222,1.0,0.992907801418,1.0,0.979020979021
2kka4f23pcxgqkpv.onion,0.836556392523,0.936170212766,0.809523809524,0.942857142857,0.914285714286,0.914285714286,0.685714285714,0.761904761905,0.942857142857,0.936170212766,0.8,0.811594202899
2ogmrlfzdthnwkez.onion,0.736875667688,0.890510948905,0.719047619048,0.871428571429,0.785714285714,0.839694656489,0.642857142857,0.63829787234,0.871428571429,0.890510948905,0.642857142857,0.681818181818
2qrdpvonwwqnic7j.onion,0.983484357683,0.992907801418,0.990476190476,1.0,1.0,0.992907801418,0.985714285714,0.971830985915,0.985714285714,0.985714285714,1.0,0.992907801418
2qtnwm3zdbn52nxt.onion,0.54600179127,0.634482758621,0.566666666667,0.657142857143,0.628571428571,0.590604026846,0.485714285714,0.450331125828,0.657142857143,0.634482758621,0.557142857143,0.553191489362
2v2kdt6x2xqcxams.onion,0.288542722053,0.428571428571,0.309523809524,0.514285714286,0.442857142857,0.397435897436,0.314285714286,0.312056737589,0.1,0.125,0.514285714286,0.428571428571
32ixi6myw3things.onion,0.826615144736,0.885906040268,0.852380952381,0.942857142857,0.928571428571,0.860927152318,0.685714285714,0.727272727273,0.928571428571,0.866666666667,0.942857142857,0.885906040268
32pbf32xi6ccm63z.onion,0.911235454917,0.985507246377,0.890476190476,0.971428571429,0.914285714286,0.955223880597,0.828571428571,0.816901408451,0.971428571429,0.985507246377,0.871428571429,0.931297709924
344c6kbnjnljjzlz.onion,0.964738787334,0.985915492958,0.97619047619,1.0,1.0,0.985915492958,0.942857142857,0.929577464789,0.985714285714,0.978723404255,1.0,0.985915492958
3cpleimu2getp5q7.onion,0.210136594048,0.429268292683,0.280952380952,0.628571428571,0.185714285714,0.173333333333,0.0714285714286,0.0704225352113,0.628571428571,0.429268292683,0.142857142857,0.130718954248
3cvpkfx4gdnkcduj.onion,0.885905228462,0.945205479452,0.933333333333,0.985714285714,0.985714285714,0.951724137931,0.857142857143,0.794701986755,0.985714285714,0.945205479452,0.957142857143,0.917808219178
3dboysnh6cia5uul.onion,0.787052598817,0.844444444444,0.733333333333,0.814285714286,0.828571428571,0.865671641791,0.571428571429,0.672268907563,0.814285714286,0.844444444444,0.814285714286,0.844444444444
3dbr5t4pygahedms.onion,0.774621212121,0.853146853147,0.766666666667,0.871428571429,0.842857142857,0.842857142857,0.628571428571,0.6875,0.871428571429,0.853146853147,0.8,0.783216783217
3g2upl4pq6kufc4m.onion,0.847960883644,0.945205479452,0.871428571429,0.985714285714,0.957142857143,0.937062937063,0.714285714286,0.671140939597,0.985714285714,0.945205479452,0.914285714286,0.927536231884
3ilte6sqgfknw5el.onion,0.789604142379,0.89932885906,0.8,0.957142857143,0.9,0.868965517241,0.628571428571,0.666666666667,0.957142857143,0.89932885906,0.814285714286,0.802816901408
3kyl4i7bfdgwelmf.onion,0.988312157326,1.0,1.0,1.0,1.0,0.992907801418,1.0,0.985915492958,1.0,0.979020979021,1.0,1.0
3sudsrkveht5atqj.onion,0.886482531553,0.957142857143,0.87619047619,0.957142857143,0.928571428571,0.955882352941,0.728571428571,0.772727272727,0.942857142857,0.929577464789,0.957142857143,0.957142857143
3ur4xm2japn56c5f.onion,0.918998435055,0.985915492958,0.947619047619,1.0,0.985714285714,0.978723404255,0.871428571429,0.813333333333,0.971428571429,0.957746478873,1.0,0.985915492958
452tzwwvj5c45zwi.onion,0.768368996909,0.848920863309,0.752380952381,0.842857142857,0.871428571429,0.847222222222,0.657142857143,0.730158730159,0.842857142857,0.848920863309,0.757142857143,0.72602739726
453hlx7nqc7zytlz.onion,0.191568711353,0.210526315789,0.214285714286,0.242857142857,0.214285714286,0.205479452055,0.171428571429,0.156862745098,0.242857142857,0.207317073171,0.228571428571,0.210526315789
4d5v4hh4mbisqiad.onion,0.472247823861,0.533333333333,0.490476190476,0.628571428571,0.657142857143,0.564417177914,0.314285714286,0.354838709677,0.528571428571,0.528571428571,0.628571428571,0.533333333333
4ewrwhxoviconusl.onion,0.0549082444476,0.0695652173913,0.047619047619,0.0571428571429,0.0571428571429,0.0727272727273,0.0571428571429,0.0555555555556,0.0285714285714,0.039603960396,0.0571428571429,0.0695652173913
4foucydw2gwrgolo.onion,0.123446722466,0.211180124224,0.133333333333,0.242857142857,0.128571428571,0.133333333333,0.0571428571429,0.0506329113924,0.242857142857,0.211180124224,0.1,0.108527131783
4yjes6zfucnh7vcj.onion,0.85473992674,0.923076923077,0.833333333333,0.942857142857,0.928571428571,0.928571428571,0.7,0.784,0.857142857143,0.857142857143,0.942857142857,0.923076923077
53nr2wn3ig7fr5ij.onion,0.87900042076,0.919708029197,0.847619047619,0.9,0.942857142857,0.963503649635,0.771428571429,0.8,0.9,0.919708029197,0.871428571429,0.917293233083
54ogum7gwxhtgiya.onion,0.995271867612,1.0,1.0,1.0,1.0,0.992907801418,1.0,0.992907801418,1.0,1.0,1.0,0.992907801418
5deqglhxcoy3gbx6.onion,0.767989843469,0.919708029197,0.728571428571,0.9,0.828571428571,0.828571428571,0.528571428571,0.627118644068,0.9,0.919708029197,0.757142857143,0.757142857143
5p6s4vkwdapnsiaw.onion,0.985914794425,1.0,0.995238095238,1.0,1.0,0.992907801418,0.985714285714,0.978723404255,1.0,1.0,1.0,0.979020979021
5r4bjnjug3apqdii.onion,0.978756225295,0.985714285714,0.985714285714,0.985714285714,0.985714285714,0.985714285714,0.985714285714,0.971830985915,0.985714285714,0.978723404255,0.985714285714,0.985714285714
5uainfj3jaiys3tk.onion,0.0930579674597,0.103703703704,0.0904761904762,0.1,0.1,0.102189781022,0.0857142857143,0.0794701986755,0.0857142857143,0.096,0.1,0.103703703704
5zf5yc2vwcnxgugv.onion,0.47636805379,0.63768115942,0.461904761905,0.628571428571,0.514285714286,0.514285714286,0.4,0.421052631579,0.628571428571,0.63768115942,0.357142857143,0.37037037037
65px7xq64qrib2fx.onion,0.847422002464,0.915492957746,0.861904761905,0.928571428571,0.914285714286,0.895104895105,0.757142857143,0.751773049645,0.928571428571,0.915492957746,0.9,0.875
67p4weg7hoowpvc3.onion,0.194167107975,0.381679389313,0.180952380952,0.357142857143,0.171428571429,0.190476190476,0.114285714286,0.116788321168,0.357142857143,0.381679389313,0.0714285714286,0.0840336134454
67qyszbzdlzc6lym.onion,0.902523032119,0.955223880597,0.833333333333,0.914285714286,0.928571428571,0.962962962963,0.728571428571,0.829268292683,0.857142857143,0.923076923077,0.914285714286,0.955223880597
6dvj6v5imhny3anf.onion,0.749477682811,0.874074074074,0.714285714286,0.842857142857,0.785714285714,0.827067669173,0.642857142857,0.666666666667,0.842857142857,0.874074074074,0.657142857143,0.707692307692
6gprsi33qvzcun7u.onion,0.931476931477,1.0,0.933333333333,1.0,1.0,0.985915492958,0.8,0.848484848485,1.0,1.0,1.0,0.945945945946
6lw4pg2wsy475d7q.onion,0.938667465788,0.978723404255,0.947619047619,0.985714285714,0.985714285714,0.965034965035,0.9,0.893617021277,0.985714285714,0.978723404255,0.957142857143,0.943661971831
6w6vcynl6dumn67c.onion,0.0893299589577,0.109090909091,0.109523809524,0.171428571429,0.0857142857143,0.0839160839161,0.0714285714286,0.0719424460432,0.171428571429,0.109090909091,0.0857142857143,0.0869565217391
6zdgh5a5e6zpchdz.onion,0.969696969697,0.979020979021,0.990476190476,1.0,1.0,0.979020979021,0.985714285714,0.965034965035,0.985714285714,0.965034965035,1.0,0.979020979021
6zjmuonbtcg7it5s.onion,0.125212421987,0.230769230769,0.119047619048,0.214285714286,0.185714285714,0.204724409449,0.1,0.0903225806452,0.0428571428571,0.0545454545455,0.214285714286,0.230769230769
74t3ljtwb6qgrhth.onion,0.877284025675,0.985915492958,0.871428571429,1.0,0.971428571429,0.978417266187,0.671428571429,0.696296296296,1.0,0.985915492958,0.942857142857,0.94964028777
74ypjqjwf6oejmax.onion,0.851882923192,0.958333333333,0.895238095238,0.985714285714,1.0,0.965517241379,0.714285714286,0.671140939597,0.985714285714,0.958333333333,0.985714285714,0.926174496644
76qugh5bey5gum7l.onion,0.857365721382,0.91156462585,0.871428571429,0.957142857143,0.942857142857,0.936170212766,0.742857142857,0.759124087591,0.914285714286,0.901408450704,0.957142857143,0.91156462585
76xkbxgntgu2uwxb.onion,0.881707553646,0.904109589041,0.895238095238,0.942857142857,0.914285714286,0.901408450704,0.814285714286,0.838235294118,0.942857142857,0.904109589041,0.928571428571,0.902777777778
7bkvkxtudyc7qwti.onion,0.0943861801566,0.137931034483,0.0904761904762,0.142857142857,0.1,0.0992907801418,0.142857142857,0.137931034483,0.0285714285714,0.0506329113924,0.1,0.0945945945946
7cq7n4phwjp4yq4f.onion,0.574366577707,0.8,0.566666666667,0.771428571429,0.585714285714,0.621212121212,0.4,0.370860927152,0.771428571429,0.8,0.528571428571,0.55223880597
7gelilpariscn7k2.onion,0.918855848405,0.985714285714,0.92380952381,0.985714285714,0.985714285714,0.965034965035,0.828571428571,0.846715328467,0.985714285714,0.985714285714,0.957142857143,0.924137931034
7jkl2twalnpfrxia.onion,0.926011886522,0.971830985915,0.933333333333,0.985714285714,1.0,0.992907801418,0.871428571429,0.835616438356,0.985714285714,0.971830985915,0.942857142857,0.970588235294
7lvd7fa5yfbdqaii.onion,0.935153187646,0.965517241379,0.985714285714,1.0,1.0,0.952380952381,0.971428571429,0.894736842105,1.0,0.965517241379,0.985714285714,0.945205479452
7pxhy63lo4pdhhh5.onion,0.285054281208,0.356687898089,0.319047619048,0.4,0.414285714286,0.337209302326,0.185714285714,0.192592592593,0.4,0.356687898089,0.371428571429,0.305882352941
7rmath4ro2of2a42.onion,0.932312050678,0.985507246377,0.890476190476,0.971428571429,0.971428571429,0.978417266187,0.757142857143,0.861788617886,0.971428571429,0.985507246377,0.942857142857,0.94964028777
7vrl523532rjjznj.onion,0.947856501565,0.978723404255,0.980952380952,1.0,0.985714285714,0.965034965035,0.957142857143,0.89932885906,1.0,0.965517241379,0.985714285714,0.978723404255
aaaajqiyzj34rhjm.onion,0.997635933806,1.0,1.0,1.0,1.0,1.0,1.0,1.0,1.0,0.992907801418,1.0,1.0
aarok4el43cbsmq3.onion,0.965196840197,0.972222222222,0.990476190476,1.0,0.985714285714,0.971830985915,0.985714285714,0.958333333333,1.0,0.972222222222,0.985714285714,0.965034965035
abyssopyps3z4xof.onion,0.965846693963,0.992907801418,0.995238095238,1.0,1.0,0.972222222222,0.985714285714,0.965034965035,1.0,0.992907801418,1.0,0.939597315436
ac4jrkjk4ialqkoh.onion,0.978451281528,0.992907801418,0.97619047619,1.0,1.0,1.0,0.942857142857,0.94964028777,0.985714285714,0.992805755396,1.0,0.992907801418
acabtd4btrxjjrvr.onion,0.981318917489,1.0,0.990476190476,1.0,1.0,0.992907801418,0.971428571429,0.951048951049,1.0,0.992907801418,1.0,1.0
aegshqxngerfziqq.onion,0.210146769711,0.287878787879,0.209523809524,0.271428571429,0.257142857143,0.262773722628,0.142857142857,0.134228187919,0.271428571429,0.287878787879,0.214285714286,0.208333333333
agorahoo3yigtggf.onion,0.966960474174,0.992907801418,0.97619047619,1.0,1.0,0.979020979021,0.942857142857,0.94964028777,1.0,0.992907801418,0.985714285714,0.958333333333
ak2uqfavwgmjrvtu.onion,0.97455097279,0.992907801418,0.995238095238,1.0,1.0,0.979020979021,0.985714285714,0.951724137931,1.0,0.979020979021,1.0,0.992907801418
akvilonom27p5hvb.onion,0.956065062148,0.985915492958,0.980952380952,1.0,1.0,0.972222222222,0.957142857143,0.930555555556,1.0,0.985915492958,0.985714285714,0.951724137931
amznqken2wvujmd7.onion,0.85299205501,0.945205479452,0.87619047619,0.985714285714,0.914285714286,0.876712328767,0.8,0.794326241135,0.985714285714,0.945205479452,0.842857142857,0.819444444444
ana6aaspiqlgpoad.onion,0.289413801681,0.366197183099,0.314285714286,0.385714285714,0.414285714286,0.391891891892,0.185714285714,0.184397163121,0.385714285714,0.317647058824,0.371428571429,0.366197183099
answerstedhctbek.onion,0.850927738928,0.909090909091,0.785714285714,0.857142857143,0.828571428571,0.892307692308,0.657142857143,0.736,0.857142857143,0.909090909091,0.842857142857,0.907692307692
armoryx7kvdq3jds.onion,0.968637245108,0.985714285714,0.966666666667,1.0,1.0,0.979020979021,0.914285714286,0.941176470588,0.985714285714,0.985714285714,1.0,0.979020979021
atlas777hhh7mcs7.onion,0.97914867394,0.992907801418,1.0,1.0,1.0,0.985915492958,1.0,0.992907801418,1.0,0.979020979021,1.0,0.965517241379
auutwvpt2zktxwng.onion,0.793647144472,0.861313868613,0.757142857143,0.842857142857,0.842857142857,0.907692307692,0.685714285714,0.700729927007,0.742857142857,0.818897637795,0.842857142857,0.861313868613
auw6fzx756f6gqcd.onion,0.939839250503,0.992805755396,0.952380952381,0.985714285714,0.985714285714,0.978723404255,0.9,0.868965517241,0.985714285714,0.992805755396,0.971428571429,0.957746478873
b64esyl3gtpcevpe.onion,0.732498726102,0.881118881119,0.738095238095,0.9,0.814285714286,0.808510638298,0.614285714286,0.585034013605,0.9,0.881118881119,0.7,0.731343283582
b6ci4n33iwqcpmwy.onion,0.405867487957,0.44776119403,0.395238095238,0.428571428571,0.442857142857,0.473282442748,0.414285714286,0.414285714286,0.428571428571,0.44776119403,0.342857142857,0.355555555556
b6lmqk6ovmfhrm4a.onion,0.981573237475,0.992907801418,1.0,1.0,1.0,0.985915492958,1.0,0.958904109589,1.0,0.992907801418,1.0,0.992907801418
b7cxf4dkdsko6ah2.onion,0.754706580733,0.880597014925,0.690476190476,0.842857142857,0.814285714286,0.863636363636,0.6,0.65625,0.842857142857,0.880597014925,0.628571428571,0.727272727273
bah37war75xzkpla.onion,0.407857979634,0.414814814815,0.395238095238,0.4,0.471428571429,0.464788732394,0.385714285714,0.4,0.4,0.414814814815,0.4,0.408759124088
beast7ruvpc3qjhv.onion,0.981086519115,0.985915492958,0.990476190476,1.0,1.0,0.992907801418,0.971428571429,0.971428571429,1.0,0.985915492958,1.0,0.985915492958
bitblendervrfkzr.onion,0.916127042862,0.95652173913,0.909523809524,0.942857142857,0.942857142857,0.936170212766,0.871428571429,0.884057971014,0.942857142857,0.95652173913,0.914285714286,0.90780141844
bitmailendavkbec.onion,0.548230908748,0.701986754967,0.566666666667,0.757142857143,0.685714285714,0.581818181818,0.528571428571,0.548148148148,0.757142857143,0.701986754967,0.414285714286,0.394557823129
bitmixer2whesjgj.onion,0.983681838866,0.992907801418,1.0,1.0,1.0,0.985915492958,1.0,0.972222222222,1.0,0.992907801418,1.0,0.985915492958
blockchainbdgpzk.onion,0.808169024181,0.861538461538,0.733333333333,0.8,0.8,0.875,0.7,0.759689922481,0.8,0.861538461538,0.7,0.803278688525
bm26rwk32m7u7rec.onion,0.976155488983,0.985714285714,0.97619047619,0.985714285714,0.985714285714,0.985714285714,0.957142857143,0.964028776978,0.985714285714,0.978723404255,0.985714285714,0.985714285714
bpo4ybbs2apk4sk4.onion,0.981147918104,0.985714285714,0.985714285714,1.0,1.0,0.992907801418,0.971428571429,0.985507246377,0.985714285714,0.985714285714,1.0,0.972222222222
bq2ncjv5qb6zw42p.onion,0.967526726147,1.0,0.985714285714,1.0,1.0,0.979020979021,0.957142857143,0.937062937063,1.0,1.0,1.0,0.965517241379
braveb6iyacflzc2.onion,0.767490404333,0.867132867133,0.761904761905,0.885714285714,0.871428571429,0.847222222222,0.671428571429,0.706766917293,0.885714285714,0.867132867133,0.728571428571,0.728571428571
bryemnekeevtpomb.onion,0.822831844415,0.895104895105,0.852380952381,0.914285714286,0.928571428571,0.921985815603,0.828571428571,0.753246753247,0.914285714286,0.895104895105,0.814285714286,0.820143884892
buddsz76bq3tmueu.onion,0.16705248801,0.255319148936,0.171428571429,0.257142857143,0.257142857143,0.258992805755,0.128571428571,0.10843373494,0.128571428571,0.137404580153,0.257142857143,0.255319148936
c3jemx2ube5v5zpg.onion,0.997635933806,1.0,1.0,1.0,1.0,1.0,1.0,0.992907801418,1.0,1.0,1.0,1.0
c3ntz6fyiegn7vrr.onion,0.819277864117,0.950354609929,0.809523809524,0.957142857143,0.928571428571,0.928571428571,0.571428571429,0.62015503876,0.957142857143,0.950354609929,0.9,0.887323943662
c65mcoididjlt3zo.onion,0.848627981145,0.931506849315,0.866666666667,0.971428571429,0.957142857143,0.917808219178,0.685714285714,0.716417910448,0.971428571429,0.931506849315,0.942857142857,0.897959183673
ca4xqmveiuzh3bnl.onion,0.678001277139,0.930555555556,0.7,0.957142857143,0.842857142857,0.813793103448,0.485714285714,0.468965517241,0.957142857143,0.930555555556,0.657142857143,0.634482758621
cardsunwqrzhg5cw.onion,0.81886222174,0.910344827586,0.857142857143,0.942857142857,0.928571428571,0.902777777778,0.7,0.685314685315,0.928571428571,0.860927152318,0.942857142857,0.910344827586
cavemyewnbjdkj2c.onion,0.191253518411,0.215384615385,0.17619047619,0.2,0.228571428571,0.248062015504,0.142857142857,0.15037593985,0.2,0.215384615385,0.185714285714,0.208
cbnujyutccrk267j.onion,0.892179715709,0.951048951049,0.919047619048,0.985714285714,1.0,0.965517241379,0.8,0.823529411765,0.971428571429,0.951048951049,0.985714285714,0.901960784314
ccarderwkstikdeo.onion,0.850051453205,0.90780141844,0.861904761905,0.914285714286,0.928571428571,0.935251798561,0.814285714286,0.76,0.914285714286,0.90780141844,0.857142857143,0.882352941176
chakxtjw2evj2fk4.onion,0.11477491695,0.163265306122,0.104761904762,0.171428571429,0.1,0.125,0.171428571429,0.163265306122,0.0428571428571,0.0582524271845,0.1,0.122807017544
china2ltxuwdntrl.onion,0.969563316483,0.992805755396,0.980952380952,1.0,1.0,0.985915492958,0.957142857143,0.943661971831,0.985714285714,0.992805755396,1.0,0.972222222222
cidr6kt4la4slizf.onion,1.0,1.0,1.0,1.0,1.0,1.0,1.0,1.0,1.0,1.0,1.0,1.0
citizen47m7jfpad.onion,0.237583999964,0.359375,0.22380952381,0.328571428571,0.185714285714,0.195488721805,0.128571428571,0.129496402878,0.328571428571,0.359375,0.214285714286,0.223880597015
cleancondgqja34b.onion,0.835245046924,0.934306569343,0.833333333333,0.942857142857,0.957142857143,0.89932885906,0.642857142857,0.714285714286,0.914285714286,0.934306569343,0.942857142857,0.857142857143
cleversfsg2ctqk4.onion,0.9288062066,0.978102189781,0.92380952381,0.957142857143,0.957142857143,0.943661971831,0.885714285714,0.911764705882,0.957142857143,0.978102189781,0.928571428571,0.896551724138
clgs64523yi2bkhz.onion,0.981252071129,0.992805755396,0.990476190476,1.0,0.985714285714,0.985714285714,0.985714285714,0.965034965035,1.0,0.985915492958,0.985714285714,0.992805755396
clivl6rf3vft7ihw.onion,0.931317881249,0.950354609929,0.938095238095,0.957142857143,0.971428571429,0.964539007092,0.9,0.913043478261,0.957142857143,0.950354609929,0.957142857143,0.930555555556
cmoqohtgyilgec7y.onion,0.96582836033,0.985507246377,0.947619047619,0.971428571429,0.971428571429,0.985507246377,0.9,0.926470588235,0.971428571429,0.985507246377,0.971428571429,0.985507246377
cocaineweogeta6y.onion,0.876418379957,0.95652173913,0.847619047619,0.942857142857,0.914285714286,0.927536231884,0.7,0.759689922481,0.942857142857,0.95652173913,0.9,0.913043478261
compass6vpxj32p3.onion,0.838859566283,0.929577464789,0.842857142857,0.942857142857,0.928571428571,0.921985815603,0.685714285714,0.705882352941,0.942857142857,0.929577464789,0.9,0.881118881119
cools42cy3e6fjw5.onion,0.285236061656,0.369942196532,0.328571428571,0.457142857143,0.357142857143,0.3125,0.214285714286,0.215827338129,0.457142857143,0.369942196532,0.314285714286,0.269938650307
copafexyhkealvd7.onion,0.470641339361,0.595744680851,0.47619047619,0.6,0.514285714286,0.537313432836,0.371428571429,0.342105263158,0.6,0.595744680851,0.457142857143,0.474074074074
cqxalq3h7uynx7th.onion,0.769008322754,0.838235294118,0.752380952381,0.814285714286,0.842857142857,0.848920863309,0.7,0.720588235294,0.814285714286,0.838235294118,0.742857142857,0.748201438849
cryptomktgxdn2zd.onion,0.902895716708,0.937931034483,0.942857142857,0.971428571429,0.957142857143,0.930555555556,0.928571428571,0.855263157895,0.928571428571,0.915492957746,0.971428571429,0.937931034483
crypty22ijtotell.onion,0.616481966059,0.773722627737,0.647619047619,0.757142857143,0.728571428571,0.68,0.6,0.56,0.757142857143,0.773722627737,0.585714285714,0.51572327044
cstoreav7i44h2lr.onion,0.985914075791,0.992805755396,0.995238095238,1.0,1.0,0.985915492958,1.0,0.979020979021,0.985714285714,0.992805755396,1.0,0.985915492958
cw3zeqqmnr4yyqd5.onion,0.891983418616,0.913043478261,0.838095238095,0.9,0.871428571429,0.924242424242,0.9,0.913043478261,0.742857142857,0.852459016393,0.871428571429,0.910447761194
cwoiopiifrlzcuos.onion,0.973447329093,1.0,0.966666666667,1.0,0.985714285714,0.992805755396,0.914285714286,0.927536231884,1.0,1.0,0.985714285714,0.992805755396
cwu7eglxcabwttzf.onion,0.873626373626,0.928571428571,0.885714285714,0.928571428571,0.928571428571,0.955882352941,0.8,0.783216783217,0.928571428571,0.928571428571,0.928571428571,0.909090909091
cyruservvvklto2l.onion,0.936965317598,0.945945945946,0.990476190476,1.0,1.0,0.958904109589,0.985714285714,0.926174496644,1.0,0.945945945946,0.985714285714,0.938775510204
d46irpoo6xljwysz.onion,0.848235042804,0.964539007092,0.852380952381,0.971428571429,0.942857142857,0.95652173913,0.714285714286,0.689655172414,0.971428571429,0.964539007092,0.871428571429,0.890510948905
daemon4jidu2oig6.onion,0.907156806602,0.971014492754,0.904761904762,0.957142857143,0.957142857143,0.964028776978,0.814285714286,0.814285714286,0.942857142857,0.936170212766,0.957142857143,0.971014492754
darkheroesq46awl.onion,0.903925971287,0.943661971831,0.9,0.957142857143,0.928571428571,0.928571428571,0.842857142857,0.855072463768,0.957142857143,0.943661971831,0.9,0.913043478261
deepdot35wvmeyd5.onion,0.933761297946,0.985915492958,0.957142857143,1.0,1.0,0.985915492958,0.885714285714,0.843537414966,0.985714285714,0.971830985915,1.0,0.985915492958
dembtxtlnu2cospb.onion,0.772858496301,0.830769230769,0.728571428571,0.771428571429,0.814285714286,0.857142857143,0.671428571429,0.728682170543,0.742857142857,0.759124087591,0.771428571429,0.830769230769
demonhkzoijsvvui.onion,0.937884279043,0.964028776978,0.904761904762,0.957142857143,0.914285714286,0.941176470588,0.871428571429,0.917293233083,0.957142857143,0.964028776978,0.885714285714,0.932330827068
digitalass6qi2nt.onion,0.983617321645,1.0,0.995238095238,1.0,1.0,0.979020979021,0.985714285714,0.971830985915,1.0,1.0,1.0,0.979020979021
dikznmk6qhislhhq.onion,0.439670191369,0.471337579618,0.509523809524,0.614285714286,0.6,0.497041420118,0.385714285714,0.380281690141,0.614285714286,0.467391304348,0.528571428571,0.471337579618
dildosky53jnf5mt.onion,0.852150157269,0.978417266187,0.852380952381,0.971428571429,0.928571428571,0.909090909091,0.657142857143,0.681481481481,0.971428571429,0.978417266187,0.928571428571,0.896551724138
djmrwe2r45qf5bjj.onion,0.985948091132,0.992907801418,1.0,1.0,1.0,0.992907801418,1.0,0.979020979021,1.0,0.992907801418,1.0,0.985915492958
djn4mhmbbqwjiq2v.onion,0.801878972092,0.936170212766,0.833333333333,0.942857142857,0.942857142857,0.891891891892,0.642857142857,0.63829787234,0.942857142857,0.936170212766,0.914285714286,0.831168831169
dkkuvairvnab3utz.onion,0.827970837166,0.896551724138,0.833333333333,0.928571428571,0.928571428571,0.909090909091,0.728571428571,0.713286713287,0.928571428571,0.896551724138,0.842857142857,0.874074074074
dmru36nvfgtywx47.onion,0.870627334087,0.964539007092,0.842857142857,0.971428571429,0.9,0.9,0.7,0.777777777778,0.971428571429,0.964539007092,0.857142857143,0.869565217391
dmzwvie2gmtwszof.onion,0.985645769099,0.992805755396,0.980952380952,0.985714285714,0.985714285714,0.985714285714,0.985714285714,0.992805755396,0.971428571429,0.978417266187,0.985714285714,0.985714285714
do7dt6vuskgrz3sa.onion,0.931163954944,0.950354609929,0.933333333333,0.957142857143,0.971428571429,0.957746478873,0.942857142857,0.916666666667,0.9,0.926470588235,0.957142857143,0.950354609929
doe6ypf2fcyznaq5.onion,0.638901904578,0.816901408451,0.652380952381,0.828571428571,0.8,0.767123287671,0.428571428571,0.428571428571,0.828571428571,0.816901408451,0.7,0.671232876712
donksunrwimg76cz.onion,0.997601918465,1.0,0.995238095238,1.0,1.0,1.0,1.0,1.0,0.985714285714,0.992805755396,1.0,1.0
dosug4rea4kvnk5f.onion,0.997635933806,1.0,1.0,1.0,1.0,1.0,1.0,0.992907801418,1.0,1.0,1.0,1.0
dqeasamlf3jld2kz.onion,0.93561505045,0.952380952381,0.966666666667,1.0,0.985714285714,0.978723404255,0.942857142857,0.904109589041,1.0,0.952380952381,0.957142857143,0.950354609929
drugs26ucskmvcef.onion,0.351098177185,0.409937888199,0.37619047619,0.471428571429,0.371428571429,0.368794326241,0.285714285714,0.27972027972,0.471428571429,0.409937888199,0.371428571429,0.363636363636
dslsjffqyhv5vdx2.onion,0.700051114945,0.879432624113,0.680952380952,0.885714285714,0.742857142857,0.806201550388,0.585714285714,0.554054054054,0.885714285714,0.879432624113,0.571428571429,0.666666666667
dtt6tdtgroj63iud.onion,0.943661971831,0.971830985915,0.957142857143,0.985714285714,0.971428571429,0.971428571429,0.9,0.887323943662,0.985714285714,0.971830985915,0.985714285714,0.971830985915
duskgytldkxiuqc6.onion,0.501098358633,0.643835616438,0.538095238095,0.671428571429,0.6,0.541935483871,0.485714285714,0.459459459459,0.671428571429,0.643835616438,0.457142857143,0.4
dustriic3kdutvvc.onion,0.500827731165,0.646616541353,0.480952380952,0.614285714286,0.542857142857,0.567164179104,0.428571428571,0.43795620438,0.614285714286,0.646616541353,0.4,0.417910447761
dxlleqfav6vhkme6.onion,0.976721662892,0.992907801418,0.995238095238,1.0,1.0,0.985915492958,0.985714285714,0.965034965035,1.0,0.992907801418,1.0,0.972222222222
e4unrusy7se5evw5.onion,0.983550728232,0.992907801418,0.995238095238,1.0,1.0,1.0,0.985714285714,0.978723404255,1.0,0.992907801418,1.0,0.979020979021
ejsrfugryg3txyqh.onion,0.872453869847,0.934306569343,0.861904761905,0.914285714286,0.885714285714,0.925373134328,0.828571428571,0.789115646259,0.914285714286,0.934306569343,0.842857142857,0.893939393939
ejz7kqoryhqwosbk.onion,0.766554091894,0.880597014925,0.680952380952,0.842857142857,0.785714285714,0.873015873016,0.585714285714,0.677685950413,0.842857142857,0.880597014925,0.614285714286,0.741379310345
eldorwcyykw6lzds.onion,0.912240795599,0.935251798561,0.909523809524,0.928571428571,0.942857142857,0.942857142857,0.9,0.875,0.928571428571,0.935251798561,0.9,0.926470588235
elwmfxkjwkax3647.onion,0.630787692206,0.707482993197,0.638095238095,0.742857142857,0.671428571429,0.686131386861,0.557142857143,0.557142857143,0.614285714286,0.627737226277,0.742857142857,0.707482993197
en35tuzqmn4lofbk.onion,0.838805970149,0.928571428571,0.828571428571,0.928571428571,0.9,0.926470588235,0.685714285714,0.716417910448,0.928571428571,0.928571428571,0.871428571429,0.871428571429
etnkdf2jsvc7vi4u.onion,0.92460947142,1.0,0.914285714286,1.0,0.985714285714,0.992805755396,0.771428571429,0.788321167883,0.971428571429,0.985507246377,1.0,1.0
exproudpbwwklfpv.onion,0.364808929695,0.554838709677,0.390476190476,0.614285714286,0.614285714286,0.551282051282,0.328571428571,0.335766423358,0.228571428571,0.203821656051,0.614285714286,0.554838709677
exwljei3bfvchv6p.onion,0.990407673861,1.0,0.985714285714,1.0,0.985714285714,0.992805755396,0.971428571429,0.978417266187,0.985714285714,0.992805755396,1.0,1.0
ezuwnhj5j6mtk4xr.onion,0.829967329261,0.95652173913,0.847619047619,0.942857142857,0.928571428571,0.909090909091,0.728571428571,0.703448275862,0.942857142857,0.95652173913,0.871428571429,0.829931972789
ezxjj3l2kqcvedic.onion,0.0915608703332,0.159420289855,0.0904761904762,0.157142857143,0.0857142857143,0.0863309352518,0.0285714285714,0.027027027027,0.157142857143,0.159420289855,0.0857142857143,0.0882352941176
facebookcorewwwi.onion,0.936939980714,0.957746478873,0.947619047619,0.971428571429,0.971428571429,0.957746478873,0.928571428571,0.896551724138,0.942857142857,0.95652173913,0.971428571429,0.957746478873
fakepasvv3holddd.onion,0.962801087801,0.979020979021,0.985714285714,1.0,1.0,0.979020979021,0.985714285714,0.958333333333,0.971428571429,0.951048951049,1.0,0.979020979021
fb2lib3argrtulnw.onion,0.983518130057,1.0,0.990476190476,1.0,0.985714285714,0.985714285714,0.985714285714,0.971830985915,1.0,1.0,0.985714285714,0.978723404255
fdp3ombsobj2uw4w.onion,0.202982389564,0.279411764706,0.2,0.271428571429,0.257142857143,0.264705882353,0.142857142857,0.15503875969,0.185714285714,0.174496644295,0.271428571429,0.279411764706
fdwmarkvokb5i7wh.onion,0.943555006145,0.978417266187,0.947619047619,0.971428571429,0.971428571429,0.971428571429,0.914285714286,0.895104895105,0.957142857143,0.957142857143,0.971428571429,0.978417266187
ffi5v46ttwgx3fby.onion,0.408732408241,0.496551724138,0.419047619048,0.514285714286,0.442857142857,0.455882352941,0.342857142857,0.317880794702,0.514285714286,0.496551724138,0.4,0.411764705882
flibustahezeous3.onion,0.952617359,0.957142857143,0.957142857143,0.957142857143,0.957142857143,0.957142857143,0.957142857143,0.950354609929,0.957142857143,0.957142857143,0.957142857143,0.950354609929
flugforumpwzz3wq.onion,0.961198370917,0.985915492958,0.995238095238,1.0,1.0,0.958904109589,0.985714285714,0.938775510204,1.0,0.985915492958,1.0,0.958904109589
flugsvampkgwqwao.onion,0.960429828558,0.978723404255,0.980952380952,1.0,1.0,0.972222222222,0.957142857143,0.943661971831,0.985714285714,0.978723404255,1.0,0.958904109589
fncuwbiisyh6ak3i.onion,0.990577031932,0.992907801418,1.0,1.0,1.0,0.985915492958,1.0,0.992907801418,1.0,0.985915492958,1.0,0.992907801418
footballthj7o5w3.onion,0.887967685996,0.971830985915,0.928571428571,0.985714285714,0.957142857143,0.924137931034,0.842857142857,0.786666666667,0.985714285714,0.971830985915,0.957142857143,0.905405405405
frankk4lwkgnrnhk.onion,0.682274509804,0.752,0.62380952381,0.671428571429,0.742857142857,0.818897637795,0.542857142857,0.558823529412,0.671428571429,0.752,0.657142857143,0.736
freepress3xxs3hk.onion,0.931734795789,0.971014492754,0.938095238095,0.985714285714,0.971428571429,0.971428571429,0.871428571429,0.859154929577,0.985714285714,0.965034965035,0.957142857143,0.971014492754
ftec4org3hcpnoir.onion,0.95976278405,0.992907801418,0.971428571429,1.0,1.0,0.965517241379,0.914285714286,0.920863309353,1.0,0.992907801418,1.0,0.965517241379
fuckyouhwlpp3odw.onion,0.958137016648,0.979020979021,0.97619047619,1.0,0.985714285714,0.978723404255,0.942857142857,0.916666666667,0.985714285714,0.978723404255,1.0,0.979020979021
futz4b7tmqzoxnc6.onion,0.831891372266,0.890410958904,0.861904761905,0.928571428571,0.928571428571,0.890410958904,0.728571428571,0.75,0.928571428571,0.855263157895,0.928571428571,0.890410958904
fxykzagxswix4mzn.onion,0.947364468428,0.978723404255,0.947619047619,0.985714285714,0.985714285714,0.978723404255,0.9,0.919708029197,0.985714285714,0.978723404255,0.957142857143,0.943661971831
fyqe73pativ7vdif.onion,0.702279202279,0.722222222222,0.733333333333,0.8,0.871428571429,0.787096774194,0.657142857143,0.666666666667,0.742857142857,0.722222222222,0.8,0.717948717949
fzqnrlcvhkgbdwx5.onion,0.627288216011,0.885714285714,0.609523809524,0.885714285714,0.728571428571,0.772727272727,0.442857142857,0.449275362319,0.885714285714,0.885714285714,0.5,0.546875
g7ielqfyazy3n6nt.onion,0.969462019462,0.979020979021,0.985714285714,1.0,1.0,0.992907801418,0.957142857143,0.957142857143,1.0,0.972222222222,1.0,0.979020979021
gekejzxwt6uqlboa.onion,0.771135705474,0.89932885906,0.790476190476,0.957142857143,0.914285714286,0.876712328767,0.642857142857,0.608108108108,0.957142857143,0.89932885906,0.771428571429,0.805970149254
giyvshdnojeivkom.onion,0.821321765421,0.985507246377,0.809523809524,0.971428571429,0.942857142857,0.910344827586,0.571428571429,0.634920634921,0.971428571429,0.985507246377,0.885714285714,0.843537414966
gjobqjj7wyczbqie.onion,0.494025356418,0.627737226277,0.457142857143,0.614285714286,0.5,0.503597122302,0.414285714286,0.479338842975,0.614285714286,0.627737226277,0.342857142857,0.375
gkqmy7ioqptiru5o.onion,0.123015873016,0.142857142857,0.114285714286,0.142857142857,0.1,0.109375,0.142857142857,0.142857142857,0.0571428571429,0.0833333333333,0.142857142857,0.142857142857
glenndhfjybbk3mx.onion,0.188764724783,0.212765957447,0.2,0.228571428571,0.171428571429,0.179104477612,0.214285714286,0.212765957447,0.228571428571,0.189349112426,0.157142857143,0.164179104478
godnotaba36dsabv.onion,0.942786185713,0.985915492958,0.942857142857,1.0,1.0,0.992907801418,0.871428571429,0.871428571429,1.0,0.985915492958,0.957142857143,0.971014492754
gopostal7dywpbv6.onion,0.583622611087,0.65,0.5,0.557142857143,0.542857142857,0.638655462185,0.542857142857,0.535211267606,0.4,0.565656565657,0.557142857143,0.65
gore226jrod4ia2c.onion,0.956302397695,0.985507246377,0.938095238095,0.971428571429,0.957142857143,0.978102189781,0.928571428571,0.935251798561,0.971428571429,0.985507246377,0.914285714286,0.948148148148
gotham22iwmkmzcn.onion,0.854257689739,0.964028776978,0.871428571429,0.957142857143,0.971428571429,0.964539007092,0.728571428571,0.708333333333,0.957142857143,0.964028776978,0.928571428571,0.890410958904
grams7enufi7jmdl.onion,0.974095161988,1.0,0.980952380952,1.0,0.985714285714,0.971830985915,0.971428571429,0.957746478873,1.0,1.0,0.971428571429,0.964539007092
grams7eo7mkagczs.onion,0.965356482598,0.965517241379,0.995238095238,1.0,1.0,0.972222222222,1.0,0.965517241379,0.985714285714,0.965034965035,1.0,0.965517241379
greendrgfjz7ks5f.onion,0.953825106907,0.985714285714,0.97619047619,0.985714285714,1.0,0.979020979021,0.957142857143,0.930555555556,0.985714285714,0.985714285714,0.985714285714,0.945205479452
gt6k73wri5ef4s5a.onion,0.752697790007,0.921985815603,0.742857142857,0.928571428571,0.842857142857,0.842857142857,0.571428571429,0.56338028169,0.928571428571,0.921985815603,0.728571428571,0.772727272727
gunsammoaahtpmqs.onion,0.948734863493,0.971830985915,0.961904761905,0.985714285714,0.971428571429,0.971428571429,0.942857142857,0.910344827586,0.957142857143,0.964028776978,0.985714285714,0.971830985915
h3b6ugm4axijz2yo.onion,0.105314502246,0.150289017341,0.119047619048,0.185714285714,0.114285714286,0.104575163399,0.1,0.10071942446,0.185714285714,0.150289017341,0.0714285714286,0.0649350649351
hackerw6dcplg3ej.onion,0.658567022203,0.710743801653,0.557142857143,0.614285714286,0.7,0.784,0.471428571429,0.564102564103,0.614285714286,0.710743801653,0.585714285714,0.700854700855
hackharhoaw3yk5q.onion,0.79831500418,0.915492957746,0.82380952381,0.928571428571,0.9,0.881118881119,0.7,0.671232876712,0.928571428571,0.915492957746,0.842857142857,0.808219178082
haklab4ulibiyeix.onion,0.978381275421,0.992907801418,0.97619047619,1.0,1.0,0.992907801418,0.942857142857,0.95652173913,1.0,0.992907801418,0.985714285714,0.985714285714
hardblush4fncbgz.onion,0.439205311236,0.492307692308,0.395238095238,0.457142857143,0.414285714286,0.513274336283,0.457142857143,0.492307692308,0.357142857143,0.373134328358,0.371428571429,0.452173913043
harry423seerr2iy.onion,0.119787350285,0.178343949045,0.109523809524,0.2,0.1,0.145833333333,0.2,0.178343949045,0.0285714285714,0.039603960396,0.1,0.141414141414
hc3sz3i2rb5dljqq.onion,0.968995492122,0.992907801418,0.966666666667,1.0,1.0,1.0,0.928571428571,0.928571428571,0.971428571429,0.985507246377,1.0,0.992907801418
hcutffpecnc44vef.onion,0.958073644244,0.992907801418,0.97619047619,1.0,1.0,0.979020979021,0.928571428571,0.909090909091,1.0,0.992907801418,1.0,0.972222222222
hempudpjbonzdylx.onion,0.326918258934,0.369863013699,0.304761904762,0.385714285714,0.371428571429,0.368794326241,0.271428571429,0.292307692308,0.257142857143,0.318584070796,0.385714285714,0.369863013699
hg5km4y37lgir6r3.onion,0.971563417959,0.992805755396,0.971428571429,0.985714285714,0.985714285714,0.985714285714,0.942857142857,0.936170212766,0.985714285714,0.992805755396,0.985714285714,0.985714285714
hgyamsjnvzpmdcfa.onion,0.8849036736,0.955882352941,0.885714285714,0.985714285714,0.971428571429,0.971428571429,0.742857142857,0.753623188406,0.985714285714,0.945205479452,0.928571428571,0.955882352941
highkorea5ou4wcy.onion,0.884743109978,0.925170068027,0.9,0.971428571429,0.928571428571,0.921985815603,0.871428571429,0.853146853147,0.971428571429,0.925170068027,0.857142857143,0.875912408759
hostie65cxwr4tza.onion,0.790506598553,0.903703703704,0.795238095238,0.871428571429,0.885714285714,0.898550724638,0.657142857143,0.634482758621,0.871428571429,0.903703703704,0.857142857143,0.833333333333
hosting6iar5zo7c.onion,0.74115277745,0.917293233083,0.771428571429,0.871428571429,0.857142857143,0.827586206897,0.742857142857,0.630303030303,0.871428571429,0.917293233083,0.7,0.675862068966
hqwwti2guilksrmw.onion,0.988505747126,1.0,1.0,1.0,1.0,1.0,1.0,0.965517241379,1.0,1.0,1.0,1.0
hwikis25cffertqe.onion,0.974220032841,0.985714285714,0.985714285714,1.0,1.0,0.992907801418,0.971428571429,0.971428571429,1.0,0.965517241379,0.985714285714,0.985714285714
hxnibog5m2ocjeef.onion,0.889387896483,0.924137931034,0.904761904762,0.957142857143,0.928571428571,0.921985815603,0.842857142857,0.848920863309,0.957142857143,0.924137931034,0.914285714286,0.895104895105
hybedxst6ulae4oh.onion,0.807792860734,0.882352941176,0.742857142857,0.857142857143,0.828571428571,0.899224806202,0.657142857143,0.707692307692,0.857142857143,0.882352941176,0.714285714286,0.833333333333
hzovy5vy36hrbxqv.onion,0.915690751245,0.971830985915,0.933333333333,0.985714285714,0.957142857143,0.917808219178,0.857142857143,0.875912408759,0.985714285714,0.971830985915,0.957142857143,0.89932885906
ibmarketh6fnr65q.onion,0.965212800405,0.985714285714,0.97619047619,0.985714285714,0.985714285714,0.985714285714,0.971428571429,0.931506849315,0.985714285714,0.985714285714,0.971428571429,0.978417266187
ieh7jxzhptdhfxbg.onion,0.772643383814,0.909090909091,0.790476190476,0.928571428571,0.871428571429,0.841379310345,0.671428571429,0.648275862069,0.928571428571,0.909090909091,0.771428571429,0.760563380282
iidxap2xwq6arwbr.onion,0.94273170261,0.992907801418,0.961904761905,1.0,1.0,1.0,0.914285714286,0.87074829932,1.0,0.992907801418,0.971428571429,0.964539007092
ik3dw5whel25zxnj.onion,0.958239398819,1.0,0.942857142857,1.0,0.971428571429,0.985507246377,0.871428571429,0.903703703704,1.0,1.0,0.957142857143,0.971014492754
ikqiyldjddtx65pk.onion,0.0851564597912,0.101694915254,0.0761904761905,0.0857142857143,0.0857142857143,0.104347826087,0.0714285714286,0.0675675675676,0.0857142857143,0.101694915254,0.0714285714286,0.0862068965517
ityukvsoqjgzcimm.onion,0.910545223495,0.944444444444,0.92380952381,0.971428571429,0.971428571429,0.951048951049,0.885714285714,0.892086330935,0.971428571429,0.944444444444,0.914285714286,0.895104895105
ivq7q7pfpwzfnpoa.onion,0.848676686029,0.963503649635,0.82380952381,0.942857142857,0.942857142857,0.936170212766,0.7,0.765625,0.942857142857,0.963503649635,0.828571428571,0.816901408451
j5ehssrshpxpdkto.onion,0.749981891044,0.859060402685,0.785714285714,0.914285714286,0.857142857143,0.857142857143,0.671428571429,0.602564102564,0.914285714286,0.859060402685,0.771428571429,0.788321167883
jbfkuizu67tzrqkf.onion,0.820346320346,0.942857142857,0.804761904762,0.942857142857,0.9,0.933333333333,0.7,0.7,0.942857142857,0.942857142857,0.771428571429,0.818181818182
jitjatxmemcaaadp.onion,0.970049103611,0.979020979021,1.0,1.0,1.0,0.972222222222,1.0,0.958904109589,1.0,0.979020979021,1.0,0.972222222222
jmkxdr4djc3cpsei.onion,0.748351480641,0.875912408759,0.771428571429,0.857142857143,0.828571428571,0.834532374101,0.714285714286,0.684931506849,0.857142857143,0.875912408759,0.742857142857,0.684210526316
jq77mc73wz5wuawt.onion,0.0628528816448,0.0939597315436,0.0428571428571,0.1,0.0285714285714,0.0325203252033,0.1,0.0939597315436,0.0,,0.0285714285714,0.031746031746
jsbpbdf6mpw6s2oz.onion,0.544667219,0.764705882353,0.509523809524,0.742857142857,0.685714285714,0.774193548387,0.557142857143,0.549295774648,0.228571428571,0.32,0.742857142857,0.764705882353
jstash5cxe6ixxb2.onion,0.902187467705,0.971428571429,0.919047619048,0.971428571429,0.985714285714,0.971830985915,0.814285714286,0.797202797203,0.971428571429,0.971428571429,0.971428571429,0.937931034483
jungswtfwgjwile2.onion,0.927913399288,0.964539007092,0.938095238095,0.971428571429,0.971428571429,0.964539007092,0.885714285714,0.855172413793,0.971428571429,0.964539007092,0.957142857143,0.964028776978
jvyu37pcvo4tia5z.onion,0.462522916444,0.531468531469,0.457142857143,0.542857142857,0.557142857143,0.541666666667,0.414285714286,0.426470588235,0.542857142857,0.531468531469,0.414285714286,0.42962962963
jzn5w5pac26sqef4.onion,0.710298534017,0.817518248175,0.714285714286,0.8,0.8,0.794326241135,0.614285714286,0.609929078014,0.728571428571,0.703448275862,0.8,0.817518248175
k4btcoezc5tlxyaf.onion,0.845723817186,0.901408450704,0.838095238095,0.914285714286,0.9,0.893617021277,0.757142857143,0.768115942029,0.914285714286,0.901408450704,0.842857142857,0.867647058824
k5vbzl3ucwsjf2ye.onion,0.959504736636,0.992907801418,0.961904761905,1.0,0.971428571429,0.971428571429,0.928571428571,0.935251798561,1.0,0.992907801418,0.957142857143,0.950354609929
kaarvixjxfdy2wv2.onion,0.992771000591,1.0,0.985714285714,1.0,0.985714285714,0.992805755396,0.971428571429,0.985507246377,0.985714285714,0.992805755396,1.0,1.0
kaufmichob4rdqje.onion,0.961904761905,0.985714285714,0.961904761905,0.985714285714,0.985714285714,0.985714285714,0.914285714286,0.914285714286,0.985714285714,0.985714285714,0.985714285714,0.985714285714
khldt5et3aekegpw.onion,0.93329763067,0.978417266187,0.909523809524,0.971428571429,0.971428571429,0.978417266187,0.842857142857,0.893939393939,0.914285714286,0.927536231884,0.971428571429,0.978417266187
kjk4qvgg6usnvwyh.onion,0.960784313725,0.970588235294,0.933333333333,0.942857142857,0.957142857143,0.978102189781,0.928571428571,0.955882352941,0.942857142857,0.970588235294,0.928571428571,0.955882352941
kobrabd77ppgjd2r.onion,0.908968179671,0.971830985915,0.9,0.985714285714,1.0,0.992907801418,0.757142857143,0.791044776119,0.957142857143,0.964028776978,0.985714285714,0.971830985915
konkretzdxpqygow.onion,0.84355094982,0.942857142857,0.861904761905,0.942857142857,0.9,0.868965517241,0.814285714286,0.765100671141,0.942857142857,0.942857142857,0.828571428571,0.822695035461
koushinfmzibnzyd.onion,0.952284459883,0.992907801418,0.985714285714,1.0,1.0,0.972222222222,0.957142857143,0.91156462585,1.0,0.992907801418,1.0,0.952380952381
kowloon5aibdbege.onion,0.941685528642,0.985507246377,0.952380952381,0.971428571429,0.971428571429,0.978417266187,0.914285714286,0.895104895105,0.971428571429,0.985507246377,0.971428571429,0.944444444444
kpvz7ki2v5agwt35.onion,0.983551426764,0.992907801418,0.995238095238,1.0,1.0,0.992907801418,0.985714285714,0.971830985915,1.0,0.992907801418,1.0,0.985915492958
kr5hou2zh4qtebqk.onion,0.911341636969,0.964539007092,0.909523809524,0.971428571429,0.942857142857,0.95652173913,0.842857142857,0.880597014925,0.971428571429,0.964539007092,0.914285714286,0.888888888889
kseroxng6zvqb4tm.onion,0.221600399419,0.28125,0.209523809524,0.257142857143,0.242857142857,0.244604316547,0.157142857143,0.162962962963,0.257142857143,0.28125,0.214285714286,0.220588235294
kvs3xgkasyoqd4hx.onion,0.924028853153,0.95652173913,0.928571428571,0.971428571429,0.985714285714,0.958333333333,0.871428571429,0.884057971014,0.942857142857,0.95652173913,0.971428571429,0.931506849315
kxojy6ygju4h6lwn.onion,0.942822641583,0.992907801418,0.942857142857,1.0,0.985714285714,0.985714285714,0.857142857143,0.857142857143,0.971428571429,0.978417266187,1.0,0.992907801418
laundryzlzgnni4n.onion,0.803852937186,0.857142857143,0.814285714286,0.9,0.928571428571,0.878378378378,0.785714285714,0.769230769231,0.757142857143,0.785185185185,0.9,0.857142857143
lb5vnwyafrlxgmlt.onion,0.138690484565,0.195488721805,0.133333333333,0.185714285714,0.185714285714,0.194029850746,0.1,0.0965517241379,0.114285714286,0.124031007752,0.185714285714,0.195488721805
lchudifyeqm4ldjj.onion,0.923171237446,0.978417266187,0.904761904762,0.971428571429,0.942857142857,0.970588235294,0.785714285714,0.827067669173,0.957142857143,0.964028776978,0.971428571429,0.978417266187
lcvkso2t5t3cmy3x.onion,0.938283193317,0.979020979021,0.971428571429,1.0,1.0,0.952380952381,0.942857142857,0.923076923077,1.0,0.979020979021,0.971428571429,0.912751677852
lelantoss7bcnwbv.onion,0.855383669903,0.910344827586,0.861904761905,0.942857142857,0.957142857143,0.937062937063,0.728571428571,0.766917293233,0.914285714286,0.888888888889,0.942857142857,0.910344827586
libraryqtlpitkix.onion,0.139395376237,0.181818181818,0.128571428571,0.157142857143,0.114285714286,0.140350877193,0.157142857143,0.148648648649,0.0714285714286,0.0877192982456,0.157142857143,0.181818181818
lolsonynnslow5lt.onion,0.0966400939013,0.124223602484,0.1,0.142857142857,0.0857142857143,0.093023255814,0.0857142857143,0.0869565217391,0.142857142857,0.124223602484,0.0714285714286,0.0787401574803
louhlbgyupgktsw7.onion,0.990476190476,1.0,0.990476190476,1.0,1.0,1.0,0.971428571429,0.971428571429,1.0,1.0,1.0,1.0
ltxocqh4nvwkofil.onion,0.528746107693,0.616541353383,0.514285714286,0.585714285714,0.557142857143,0.577777777778,0.4,0.424242424242,0.585714285714,0.616541353383,0.557142857143,0.545454545455
lu4qfnnkbnduxurt.onion,0.721574895256,0.808510638298,0.738095238095,0.814285714286,0.871428571429,0.829931972789,0.614285714286,0.627737226277,0.814285714286,0.808510638298,0.785714285714,0.728476821192
lulzwrzcle5ks3se.onion,0.983550728232,0.992907801418,0.995238095238,1.0,1.0,0.979020979021,0.985714285714,0.978723404255,1.0,0.992907801418,1.0,0.979020979021
luxegwcifet3dlea.onion,0.397135791799,0.461538461538,0.514285714286,0.685714285714,0.571428571429,0.43956043956,0.3,0.291666666667,0.685714285714,0.461538461538,0.557142857143,0.438202247191
luxembn2i2c6hlrd.onion,0.736086316731,0.783783783784,0.7,0.828571428571,0.814285714286,0.857142857143,0.614285714286,0.68253968254,0.828571428571,0.783783783784,0.657142857143,0.741935483871
m2cylfgzmxwauyqz.onion,0.992941098125,1.0,1.0,1.0,1.0,0.985915492958,1.0,0.992907801418,1.0,1.0,1.0,0.985915492958
mail2get4idcbfwe.onion,0.956065696155,0.978723404255,0.942857142857,0.985714285714,0.971428571429,0.964539007092,0.885714285714,0.932330827068,0.985714285714,0.978723404255,0.957142857143,0.957142857143
maryjrhg5d6unfad.onion,0.310097987444,0.469565217391,0.257142857143,0.385714285714,0.328571428571,0.425925925926,0.271428571429,0.292307692308,0.114285714286,0.168421052632,0.385714285714,0.469565217391
maskravvbmurcaiz.onion,0.928984899794,0.985915492958,0.957142857143,1.0,0.985714285714,0.945205479452,0.885714285714,0.849315068493,1.0,0.985915492958,0.985714285714,0.951724137931
mb4z3nlfyrcjnoqf.onion,0.900915721441,0.94964028777,0.895238095238,0.942857142857,0.985714285714,0.965034965035,0.8,0.823529411765,0.942857142857,0.94964028777,0.942857142857,0.929577464789
mc455ulww46uxhaj.onion,1.0,1.0,1.0,1.0,1.0,1.0,1.0,1.0,1.0,1.0,1.0,1.0
mc6nld3smffo3vgm.onion,0.904650197569,0.95652173913,0.938095238095,0.942857142857,0.971428571429,0.951048951049,0.942857142857,0.835443037975,0.942857142857,0.95652173913,0.928571428571,0.921985815603
mgibojrlzdfoajbn.onion,0.542978537967,0.671532846715,0.528571428571,0.657142857143,0.585714285714,0.625954198473,0.371428571429,0.388059701493,0.657142857143,0.671532846715,0.557142857143,0.569343065693
mgreensmkur64afu.onion,0.34526581391,0.369863013699,0.342857142857,0.385714285714,0.357142857143,0.347222222222,0.342857142857,0.345323741007,0.3,0.320610687023,0.385714285714,0.369863013699
mh7mkfvezts5j6yu.onion,0.883794722357,0.924137931034,0.909523809524,0.957142857143,0.957142857143,0.957142857143,0.828571428571,0.816901408451,0.942857142857,0.910344827586,0.957142857143,0.924137931034
mnbnk52awjs6pnsu.onion,0.243827160494,0.37037037037,0.228571428571,0.357142857143,0.142857142857,0.176991150442,0.171428571429,0.177777777778,0.357142857143,0.37037037037,0.157142857143,0.183333333333
mobil7rab6nuf7vx.onion,0.832167521225,0.95652173913,0.842857142857,0.942857142857,0.914285714286,0.914285714286,0.757142857143,0.711409395973,0.942857142857,0.95652173913,0.828571428571,0.828571428571
mouse4tb7qr4fqqq.onion,0.147996793612,0.180327868852,0.138095238095,0.157142857143,0.114285714286,0.139130434783,0.128571428571,0.120805369128,0.128571428571,0.142857142857,0.157142857143,0.180327868852
mpf3i4k43xc2usxj.onion,0.930487411313,0.94964028777,0.92380952381,0.942857142857,0.957142857143,0.964028776978,0.914285714286,0.927536231884,0.914285714286,0.914285714286,0.942857142857,0.94964028777
mqqrfjmfu2i73bjq.onion,0.484142017857,0.594059405941,0.352380952381,0.428571428571,0.471428571429,0.622641509434,0.328571428571,0.446601941748,0.3,0.411764705882,0.428571428571,0.594059405941
mrreph6wof6xgt43.onion,0.86715864801,0.964539007092,0.904761904762,0.971428571429,0.957142857143,0.91156462585,0.814285714286,0.77027027027,0.971428571429,0.964539007092,0.928571428571,0.866666666667
msydqstlz2kzerdg.onion,0.981153588196,1.0,0.985714285714,1.0,1.0,0.992907801418,0.971428571429,0.957746478873,1.0,1.0,0.985714285714,0.985714285714
mt3plrzdiyqf6jim.onion,0.479019028505,0.566265060241,0.504761904762,0.671428571429,0.728571428571,0.610778443114,0.414285714286,0.432835820896,0.428571428571,0.43795620438,0.671428571429,0.566265060241
muflax65ngodyewp.onion,0.907150395026,0.951724137931,0.928571428571,0.985714285714,0.985714285714,0.896103896104,0.828571428571,0.892307692308,0.985714285714,0.951724137931,0.971428571429,0.877419354839
mvx7igua26khad3k.onion,0.444576874173,0.478527607362,0.580952380952,0.642857142857,0.671428571429,0.439252336449,0.557142857143,0.478527607362,0.542857142857,0.424581005587,0.642857142857,0.430622009569
mx7rwxcountermqh.onion,0.836270145864,0.892086330935,0.866666666667,0.942857142857,0.914285714286,0.927536231884,0.771428571429,0.724832214765,0.942857142857,0.891891891892,0.885714285714,0.892086330935
n3ip6btaskerrbyg.onion,0.462021594571,0.528571428571,0.461904761905,0.528571428571,0.528571428571,0.510344827586,0.414285714286,0.432835820896,0.442857142857,0.424657534247,0.528571428571,0.528571428571
n5nsovqforz2wkqd.onion,0.811297378421,0.917808219178,0.809523809524,0.957142857143,0.928571428571,0.921985815603,0.7,0.685314685315,0.957142857143,0.917808219178,0.771428571429,0.830769230769
n5pqn4ponionjs5u.onion,0.870340705098,0.897959183673,0.9,0.942857142857,0.942857142857,0.929577464789,0.828571428571,0.840579710145,0.928571428571,0.872483221477,0.942857142857,0.897959183673
n6pbizsbykwxmydz.onion,0.973482083898,1.0,0.966666666667,1.0,1.0,0.992907801418,0.928571428571,0.942028985507,1.0,1.0,0.971428571429,0.978417266187
nad32rsmfweeiva4.onion,0.821153098921,0.897058823529,0.82380952381,0.914285714286,0.9,0.887323943662,0.685714285714,0.695652173913,0.871428571429,0.897058823529,0.914285714286,0.87074829932
nare7pqnmnojs2pg.onion,0.86031157331,0.955882352941,0.852380952381,0.971428571429,0.985714285714,0.913907284768,0.657142857143,0.741935483871,0.928571428571,0.955882352941,0.971428571429,0.883116883117
nco5ranerted3nkt.onion,0.742842668754,0.76821192053,0.804761904762,0.828571428571,0.842857142857,0.797297297297,0.771428571429,0.724832214765,0.814285714286,0.735483870968,0.828571428571,0.76821192053
ndvj2ol2viuadm6l.onion,0.843133279265,0.902777777778,0.852380952381,0.928571428571,0.957142857143,0.930555555556,0.757142857143,0.736111111111,0.928571428571,0.902777777778,0.871428571429,0.890510948905
netauth3qialu2ha.onion,0.972345488456,0.985915492958,0.995238095238,1.0,1.0,0.992907801418,0.985714285714,0.945205479452,1.0,0.985915492958,1.0,0.985915492958
newsiiwanaduqpre.onion,0.0647782137012,0.152046783626,0.0761904761905,0.185714285714,0.0285714285714,0.0294117647059,0.0142857142857,0.0126582278481,0.185714285714,0.152046783626,0.0285714285714,0.0296296296296
nfokjgfj3hxs4nwu.onion,0.89585992248,0.978723404255,0.904761904762,0.985714285714,0.957142857143,0.964028776978,0.771428571429,0.744827586207,0.985714285714,0.978723404255,0.957142857143,0.964028776978
niggervteelq47id.onion,0.769898329702,0.833333333333,0.761904761905,0.857142857143,0.785714285714,0.797101449275,0.671428571429,0.691176470588,0.857142857143,0.833333333333,0.757142857143,0.785185185185
nikcubxroppyzzld.onion,0.906605375667,0.94964028777,0.938095238095,0.957142857143,0.985714285714,0.951724137931,0.914285714286,0.88275862069,0.942857142857,0.94964028777,0.957142857143,0.887417218543
ninoetevzx2irhgj.onion,0.106465166712,0.168067226891,0.0952380952381,0.142857142857,0.114285714286,0.136752136752,0.1,0.102941176471,0.0428571428571,0.0483870967742,0.142857142857,0.168067226891
nqigfqrxnkwcqmiq.onion,0.275659960954,0.338235294118,0.266666666667,0.328571428571,0.314285714286,0.335877862595,0.185714285714,0.185714285714,0.328571428571,0.338235294118,0.285714285714,0.30303030303
nql7pv7k32nnqor2.onion,0.990610328638,1.0,1.0,1.0,1.0,1.0,1.0,0.985915492958,1.0,1.0,1.0,0.985915492958
nucleusoitxmebfx.onion,0.921925695465,0.964539007092,0.9,0.971428571429,0.957142857143,0.971014492754,0.771428571429,0.837209302326,0.957142857143,0.964028776978,0.971428571429,0.964539007092
nvspcmirrorlqzyp.onion,0.809599530942,0.877697841727,0.804761904762,0.871428571429,0.857142857143,0.863309352518,0.7,0.725925925926,0.842857142857,0.825174825175,0.871428571429,0.877697841727
o3shuzjrnpzf2aiq.onion,0.775998179559,0.905109489051,0.761904761905,0.885714285714,0.9,0.919708029197,0.528571428571,0.532374100719,0.885714285714,0.905109489051,0.871428571429,0.890510948905
o4ql2kzcrurthqaa.onion,0.962796429523,0.992805755396,0.966666666667,0.985714285714,0.985714285714,0.992805755396,0.928571428571,0.902777777778,0.985714285714,0.992805755396,0.985714285714,0.992805755396
o6klk2vxlpunyqt6.onion,0.762010778357,0.929577464789,0.833333333333,0.942857142857,0.942857142857,0.835443037975,0.714285714286,0.636942675159,0.942857142857,0.929577464789,0.842857142857,0.719512195122
octagjjikhlk45o4.onion,0.168075268323,0.237288135593,0.147619047619,0.2,0.2,0.24347826087,0.0571428571429,0.0555555555556,0.185714285714,0.211382113821,0.2,0.237288135593
ocu3errhpxppmwpr.onion,0.794041774214,0.877697841727,0.790476190476,0.871428571429,0.928571428571,0.935251798561,0.728571428571,0.68,0.871428571429,0.877697841727,0.771428571429,0.824427480916
okvriyrtxopy2kfo.onion,0.99520383693,1.0,0.990476190476,1.0,1.0,1.0,0.985714285714,0.992805755396,0.985714285714,0.992805755396,1.0,1.0
oniichanylo2tsi4.onion,0.684488486654,0.871428571429,0.642857142857,0.871428571429,0.857142857143,0.882352941176,0.285714285714,0.344827586207,0.771428571429,0.837209302326,0.871428571429,0.871428571429
onionbr5zulufnuj.onion,0.830178895515,0.896551724138,0.861904761905,0.928571428571,0.914285714286,0.90780141844,0.8,0.736842105263,0.928571428571,0.896551724138,0.857142857143,0.857142857143
onnjtpw627li4hg5.onion,0.970534249292,0.992805755396,0.952380952381,0.985714285714,0.985714285714,0.992805755396,0.9,0.947368421053,0.985714285714,0.992805755396,0.971428571429,0.971428571429
opnju4nyz7wbypme.onion,0.690309788924,0.734693877551,0.7,0.771428571429,0.785714285714,0.748299319728,0.614285714286,0.641791044776,0.714285714286,0.694444444444,0.771428571429,0.734693877551
oqkjkwogf6dljog6.onion,0.809955891118,0.90780141844,0.790476190476,0.914285714286,0.9,0.919708029197,0.6,0.646153846154,0.914285714286,0.90780141844,0.857142857143,0.875912408759
osejnyaebjsxojln.onion,0.611974082562,0.74025974026,0.661904761905,0.814285714286,0.828571428571,0.773333333333,0.371428571429,0.363636363636,0.814285714286,0.74025974026,0.8,0.732026143791
outfor6jwcztwbpd.onion,0.137385652383,0.15,0.12380952381,0.142857142857,0.1,0.118644067797,0.142857142857,0.149253731343,0.128571428571,0.15,0.1,0.112903225806
outforumbpapnpqr.onion,0.593885980514,0.688311688312,0.609523809524,0.757142857143,0.685714285714,0.676056338028,0.614285714286,0.597222222222,0.757142857143,0.688311688312,0.457142857143,0.496124031008
outlaw2kyxddkuqc.onion,0.214866492752,0.242857142857,0.209523809524,0.242857142857,0.214285714286,0.21897810219,0.242857142857,0.242857142857,0.171428571429,0.188976377953,0.214285714286,0.212765957447
outlaw3on72jiwaf.onion,0.275459074578,0.319018404908,0.3,0.371428571429,0.314285714286,0.301369863014,0.271428571429,0.248366013072,0.371428571429,0.319018404908,0.257142857143,0.258992805755
outlaw7kp2z6ufnc.onion,0.253646238307,0.31007751938,0.238095238095,0.285714285714,0.285714285714,0.30534351145,0.214285714286,0.212765957447,0.285714285714,0.31007751938,0.214285714286,0.238095238095
ow24et3tetp6tvmk.onion,0.613676624731,0.699300699301,0.647619047619,0.714285714286,0.714285714286,0.662251655629,0.514285714286,0.470588235294,0.714285714286,0.699300699301,0.714285714286,0.671140939597
owfffjaqvllmh4zi.onion,0.0891803278689,0.0983606557377,0.0428571428571,0.0857142857143,0.0428571428571,0.0810810810811,0.0857142857143,0.0983606557377,0.0,,0.0428571428571,0.08
oxwugzccvk3dk6tj.onion,0.858628711649,0.94964028777,0.838095238095,0.942857142857,0.942857142857,0.94964028777,0.642857142857,0.697674418605,0.928571428571,0.928571428571,0.942857142857,0.94964028777
ozawuyxtechnopol.onion,0.883202982648,0.971014492754,0.866666666667,0.957142857143,0.942857142857,0.970588235294,0.7,0.742424242424,0.942857142857,0.936170212766,0.957142857143,0.971014492754
p56soo2ibjkx23xo.onion,0.206030181937,0.311377245509,0.228571428571,0.371428571429,0.371428571429,0.313253012048,0.157142857143,0.156028368794,0.157142857143,0.150684931507,0.371428571429,0.311377245509
pablo6zbxiijn5hd.onion,0.84645245015,0.857142857143,0.866666666667,0.914285714286,0.942857142857,0.88,0.828571428571,0.834532374101,0.857142857143,0.857142857143,0.914285714286,0.847682119205
paisdld5dirkduck.onion,0.945208331455,0.964028776978,0.909523809524,0.957142857143,0.957142857143,0.978102189781,0.9,0.940298507463,0.871428571429,0.931297709924,0.957142857143,0.964028776978
papersqqyihp5b6u.onion,0.990610328638,1.0,1.0,1.0,1.0,1.0,1.0,0.985915492958,1.0,1.0,1.0,0.985915492958
passaork4ojyk3ju.onion,0.86318006318,0.971428571429,0.904761904762,0.971428571429,1.0,0.958904109589,0.828571428571,0.753246753247,0.971428571429,0.971428571429,0.914285714286,0.864864864865
pb5icjbw6g5hnhl6.onion,0.983213429257,0.992805755396,0.97619047619,0.985714285714,0.985714285714,0.992805755396,0.957142857143,0.964028776978,0.985714285714,0.992805755396,0.985714285714,0.992805755396
pdatad56y3a25o56.onion,0.979052898067,0.985915492958,1.0,1.0,1.0,0.979020979021,1.0,0.972222222222,1.0,0.985915492958,1.0,0.979020979021
pfoxkj3p65uyc5pe.onion,0.89922632223,0.95652173913,0.895238095238,0.942857142857,0.957142857143,0.924137931034,0.814285714286,0.850746268657,0.942857142857,0.95652173913,0.928571428571,0.890410958904
pfraojp7fxtdd5ut.onion,0.377749208222,0.447368421053,0.419047619048,0.485714285714,0.471428571429,0.434210526316,0.3,0.302158273381,0.471428571429,0.383720930233,0.485714285714,0.447368421053
phmc5tpcdu2mdvzw.onion,0.859793948878,0.930555555556,0.890476190476,0.957142857143,0.985714285714,0.945205479452,0.785714285714,0.733333333333,0.928571428571,0.915492957746,0.957142857143,0.930555555556
pilletubnarawosh.onion,0.784912171496,0.874074074074,0.780952380952,0.842857142857,0.828571428571,0.872180451128,0.714285714286,0.653594771242,0.842857142857,0.874074074074,0.785714285714,0.827067669173
pix4torywrdi4tzo.onion,0.87290354934,0.934306569343,0.842857142857,0.914285714286,0.9,0.933333333333,0.742857142857,0.793893129771,0.914285714286,0.934306569343,0.871428571429,0.890510948905
pms5n4czsmblkcjl.onion,0.901791476518,0.985507246377,0.87619047619,0.971428571429,0.971428571429,0.964539007092,0.728571428571,0.784615384615,0.971428571429,0.985507246377,0.928571428571,0.935251798561
pmwdzvbyvnmwobk5.onion,0.828442819914,0.910447761194,0.819047619048,0.885714285714,0.857142857143,0.875912408759,0.7,0.731343283582,0.871428571429,0.910447761194,0.885714285714,0.843537414966
ponieslzi3ivbynd.onion,0.822708105725,0.897058823529,0.82380952381,0.871428571429,0.885714285714,0.898550724638,0.8,0.722580645161,0.871428571429,0.897058823529,0.8,0.848484848485
pppierreqdmdhrfm.onion,0.992839770737,0.992907801418,0.990476190476,1.0,1.0,1.0,0.985714285714,0.992805755396,1.0,0.992907801418,0.985714285714,0.992805755396
prazdlstndfk3ijb.onion,0.262774993038,0.345864661654,0.233333333333,0.328571428571,0.257142857143,0.315789473684,0.157142857143,0.174603174603,0.328571428571,0.345864661654,0.214285714286,0.267857142857
princew4ih3lv33x.onion,0.249822042622,0.315789473684,0.3,0.385714285714,0.4,0.32,0.157142857143,0.152777777778,0.357142857143,0.280898876404,0.385714285714,0.315789473684
prometh5th5t5rfd.onion,0.93079103151,0.978417266187,0.933333333333,0.985714285714,0.985714285714,0.985714285714,0.842857142857,0.848920863309,0.971428571429,0.978417266187,0.985714285714,0.965034965035
propub3r6espa33w.onion,0.995305164319,1.0,1.0,1.0,1.0,1.0,1.0,0.985915492958,1.0,1.0,1.0,1.0
psybe7wbzfhgv3gm.onion,0.801542246507,0.838709677419,0.766666666667,0.8,0.814285714286,0.850746268657,0.8,0.756756756757,0.742857142857,0.838709677419,0.757142857143,0.809160305344
psyco42coib33wfl.onion,0.490211744229,0.575342465753,0.480952380952,0.6,0.514285714286,0.5625,0.457142857143,0.492307692308,0.6,0.575342465753,0.385714285714,0.402985074627
pushingtabu7itqj.onion,0.973052713116,0.992907801418,0.957142857143,1.0,0.985714285714,0.992805755396,0.914285714286,0.948148148148,1.0,0.992907801418,0.957142857143,0.978102189781
puts7jeso4lfmmvo.onion,0.395433027012,0.444444444444,0.361904761905,0.4,0.357142857143,0.384615384615,0.342857142857,0.360902255639,0.4,0.444444444444,0.342857142857,0.380952380952
pwoah7oh4jlgdwri.onion,0.836358942775,0.934306569343,0.82380952381,0.914285714286,0.928571428571,0.948905109489,0.8,0.777777777778,0.914285714286,0.934306569343,0.757142857143,0.796992481203
pyl7a4ccwgpxm6rd.onion,0.790952142976,0.927536231884,0.795238095238,0.914285714286,0.842857142857,0.855072463768,0.757142857143,0.731034482759,0.914285714286,0.927536231884,0.714285714286,0.714285714286
qa3erjokmgul5srv.onion,0.460317460317,0.520547945205,0.480952380952,0.542857142857,0.557142857143,0.530612244898,0.4,0.380952380952,0.542857142857,0.520547945205,0.5,0.479452054795
qcdbc7vspedojrr7.onion,0.201044634378,0.251851851852,0.204761904762,0.271428571429,0.2,0.217054263566,0.1,0.107692307692,0.271428571429,0.24358974359,0.242857142857,0.251851851852
qkj4drtgvpm7eecl.onion,0.751212069225,0.841379310345,0.738095238095,0.871428571429,0.828571428571,0.859259259259,0.585714285714,0.621212121212,0.871428571429,0.841379310345,0.757142857143,0.791044776119
qlrlf4q6x3mxu5uu.onion,0.919359888734,0.936170212766,0.947619047619,0.957142857143,0.985714285714,0.951724137931,0.942857142857,0.910344827586,0.942857142857,0.936170212766,0.957142857143,0.91156462585
qmxatp67yinspsuf.onion,0.8953236111,0.985915492958,0.904761904762,1.0,0.985714285714,0.978723404255,0.771428571429,0.776978417266,1.0,0.985915492958,0.942857142857,0.923076923077
qputrq3ejx42btla.onion,0.952844757161,0.971428571429,0.957142857143,0.971428571429,0.957142857143,0.957142857143,0.942857142857,0.923076923077,0.971428571429,0.971428571429,0.957142857143,0.964028776978
qrw3w45sx7niqcpg.onion,0.274340034284,0.335483870968,0.290476190476,0.371428571429,0.414285714286,0.367088607595,0.257142857143,0.260869565217,0.242857142857,0.226666666667,0.371428571429,0.335483870968
qx7j2selmom4ioxf.onion,0.949548018476,0.992907801418,0.928571428571,1.0,1.0,1.0,0.814285714286,0.870229007634,1.0,0.992907801418,0.971428571429,0.985507246377
qza32xuddl3guikc.onion,0.97007675119,1.0,0.985714285714,1.0,1.0,0.992907801418,0.971428571429,0.931506849315,1.0,1.0,0.985714285714,0.978723404255
qzbkwswfv5k2oj5d.onion,0.973548106692,0.978723404255,0.966666666667,0.985714285714,0.971428571429,0.978417266187,0.942857142857,0.963503649635,0.971428571429,0.978417266187,0.985714285714,0.978723404255
rechardsp4x6tdrh.onion,0.990577031932,0.992907801418,1.0,1.0,1.0,1.0,1.0,0.992907801418,1.0,0.985915492958,1.0,0.992907801418
redditor3a2spgd6.onion,0.928099872228,0.957746478873,0.971428571429,1.0,0.971428571429,0.944444444444,0.942857142857,0.87417218543,1.0,0.952380952381,0.971428571429,0.957746478873
reloadxnkwi5nsbg.onion,0.837986632634,0.905109489051,0.847619047619,0.885714285714,0.914285714286,0.927536231884,0.857142857143,0.779220779221,0.885714285714,0.905109489051,0.8,0.82962962963
retardo6vlfxyzen.onion,0.875974406045,0.909090909091,0.861904761905,0.928571428571,0.871428571429,0.877697841727,0.814285714286,0.838235294118,0.842857142857,0.880597014925,0.928571428571,0.909090909091
rhe4faeuhjs4ldc5.onion,0.786697711889,0.824324324324,0.785714285714,0.871428571429,0.871428571429,0.86524822695,0.757142857143,0.757142857143,0.871428571429,0.824324324324,0.728571428571,0.778625954198
rjzdqt4z3z3xo73h.onion,0.986141680933,1.0,1.0,1.0,1.0,0.979020979021,1.0,0.992907801418,1.0,1.0,1.0,0.965517241379
rso4hutlefirefqp.onion,0.727051671733,0.957142857143,0.728571428571,0.957142857143,0.842857142857,0.836879432624,0.585714285714,0.585714285714,0.957142857143,0.957142857143,0.642857142857,0.63829787234
rusilkusru6f57uw.onion,0.918236768392,0.971428571429,0.895238095238,0.971428571429,0.928571428571,0.955882352941,0.8,0.842105263158,0.971428571429,0.971428571429,0.914285714286,0.941176470588
russianyhluzsk53.onion,0.673912203136,0.739726027397,0.67619047619,0.771428571429,0.771428571429,0.760563380282,0.585714285714,0.585714285714,0.771428571429,0.739726027397,0.671428571429,0.696296296296
rutorc6mqdinc4cz.onion,0.982967079022,0.992805755396,0.966666666667,0.985714285714,0.985714285714,0.992805755396,0.942857142857,0.970588235294,0.985714285714,0.992805755396,0.971428571429,0.985507246377
rzb5nlpvy5oqnket.onion,0.945487845488,0.971428571429,0.952380952381,0.985714285714,0.985714285714,0.971830985915,0.9,0.9,0.971428571429,0.971428571429,0.985714285714,0.965034965035
s42qgnh4kesd5odo.onion,0.992941098125,1.0,1.0,1.0,1.0,0.992907801418,1.0,0.985915492958,1.0,1.0,1.0,0.992907801418
s7kgnncq3zbe3yza.onion,0.910008910009,0.928571428571,0.933333333333,0.942857142857,0.971428571429,0.944444444444,0.928571428571,0.878378378378,0.928571428571,0.928571428571,0.942857142857,0.923076923077
safedice2ge73n2g.onion,0.948356807512,1.0,0.957142857143,1.0,0.985714285714,0.971830985915,0.914285714286,0.901408450704,1.0,1.0,0.957142857143,0.943661971831
satforumnoo6sxgk.onion,0.988005894246,1.0,0.985714285714,1.0,1.0,1.0,0.957142857143,0.978102189781,1.0,0.985915492958,1.0,1.0
satforumtmmmniae.onion,0.968994784052,0.985915492958,0.971428571429,1.0,0.971428571429,0.978417266187,0.942857142857,0.94964028777,1.0,0.985915492958,0.971428571429,0.971428571429
sblib3fk2gryb46d.onion,0.811746900443,0.898550724638,0.833333333333,0.957142857143,0.971428571429,0.937931034483,0.657142857143,0.643356643357,0.885714285714,0.898550724638,0.957142857143,0.893333333333
searchb5a7tmimez.onion,0.985470483684,1.0,0.980952380952,1.0,1.0,0.992907801418,0.942857142857,0.963503649635,1.0,1.0,1.0,0.992907801418
secretsxsrvlpawm.onion,0.776381827128,0.828571428571,0.795238095238,0.857142857143,0.871428571429,0.86524822695,0.7,0.731343283582,0.857142857143,0.769230769231,0.828571428571,0.828571428571
sftpstae662x37t7.onion,0.83022382019,0.924137931034,0.833333333333,0.957142857143,0.885714285714,0.855172413793,0.771428571429,0.805970149254,0.957142857143,0.924137931034,0.771428571429,0.760563380282
shadow7jnzxjkvpz.onion,0.945485658787,0.965034965035,0.952380952381,0.985714285714,0.985714285714,0.978723404255,0.928571428571,0.935251798561,0.985714285714,0.965034965035,0.942857142857,0.936170212766
shn3x3whdm5tuut4.onion,0.782586634611,0.927536231884,0.8,0.914285714286,0.885714285714,0.861111111111,0.728571428571,0.689189189189,0.914285714286,0.927536231884,0.757142857143,0.731034482759
sigaintevyh2rzvw.onion,0.925618910862,0.978417266187,0.928571428571,0.985714285714,1.0,0.985915492958,0.828571428571,0.846715328467,0.971428571429,0.978417266187,0.985714285714,0.951724137931
silkkitiehdg5mug.onion,0.899906238347,0.94964028777,0.890476190476,0.942857142857,0.928571428571,0.948905109489,0.885714285714,0.849315068493,0.842857142857,0.900763358779,0.942857142857,0.94964028777
silkroadyh2dmuad.onion,0.971007674461,0.978723404255,0.961904761905,0.985714285714,0.971428571429,0.978417266187,0.928571428571,0.955882352941,0.985714285714,0.978723404255,0.971428571429,0.978417266187
sinbox4irsyaauzo.onion,0.574957888827,0.642335766423,0.571428571429,0.628571428571,0.714285714286,0.709219858156,0.457142857143,0.467153284672,0.628571428571,0.642335766423,0.628571428571,0.615384615385
skunksworkedp2cg.onion,0.209233088374,0.275862068966,0.209523809524,0.285714285714,0.242857142857,0.231292517007,0.114285714286,0.131147540984,0.285714285714,0.275862068966,0.228571428571,0.220689655172
slwc4j5wkn3yyo5j.onion,0.920474045474,0.958333333333,0.97619047619,1.0,0.985714285714,0.965034965035,0.942857142857,0.857142857143,0.985714285714,0.958333333333,1.0,0.945945945946
snowdenap6zpvwuf.onion,0.958448037518,0.978723404255,0.942857142857,0.985714285714,0.985714285714,0.992805755396,0.885714285714,0.918518518519,0.957142857143,0.978102189781,0.985714285714,0.978723404255
sonntag6ej43fv2d.onion,0.957876890975,0.972222222222,0.97619047619,1.0,1.0,0.972222222222,0.957142857143,0.943661971831,1.0,0.972222222222,0.971428571429,0.957746478873
sqtluqnjl6txj2n2.onion,0.0678805158834,0.102564102564,0.0619047619048,0.0857142857143,0.1,0.119658119658,0.0714285714286,0.0636942675159,0.0285714285714,0.0373831775701,0.0857142857143,0.102564102564
stariusluxrdfjch.onion,0.918118277393,0.948905109489,0.928571428571,0.942857142857,0.957142857143,0.937062937063,0.942857142857,0.910344827586,0.928571428571,0.948905109489,0.914285714286,0.895104895105
superkuhbitj6tul.onion,0.927851988626,0.971014492754,0.9,0.957142857143,0.928571428571,0.962962962963,0.814285714286,0.863636363636,0.957142857143,0.971014492754,0.928571428571,0.948905109489
suprbayoubiexnmp.onion,0.960950425888,0.985915492958,0.952380952381,1.0,1.0,0.992907801418,0.885714285714,0.918518518519,1.0,0.985915492958,0.971428571429,0.978417266187
swehackmzys2gpmb.onion,0.905152581374,0.971014492754,0.885714285714,0.957142857143,0.928571428571,0.948905109489,0.842857142857,0.848920863309,0.957142857143,0.971014492754,0.857142857143,0.89552238806
syndiccjacyrnbyv.onion,0.877409571553,0.940298507463,0.847619047619,0.928571428571,0.971428571429,0.971428571429,0.714285714286,0.763358778626,0.928571428571,0.928571428571,0.9,0.940298507463
syro2eznzea2xbpi.onion,0.967136150235,1.0,0.97619047619,1.0,0.985714285714,0.971830985915,0.957142857143,0.943661971831,1.0,1.0,0.971428571429,0.957746478873
t4is3dhdc2jd4yhw.onion,0.105599921128,0.136054421769,0.104761904762,0.142857142857,0.0714285714286,0.0819672131148,0.128571428571,0.128571428571,0.142857142857,0.136054421769,0.0428571428571,0.0521739130435
teddanzignblrntr.onion,0.434444784866,0.496551724138,0.414285714286,0.514285714286,0.528571428571,0.536231884058,0.357142857143,0.409836065574,0.514285714286,0.496551724138,0.371428571429,0.396946564885
tenguchstskmt4gs.onion,0.93550435001,0.951048951049,0.938095238095,0.971428571429,0.985714285714,0.965034965035,0.885714285714,0.905109489051,0.957142857143,0.950354609929,0.971428571429,0.951048951049
tfwdi3izigxllure.onion,0.878157521571,0.944444444444,0.871428571429,0.971428571429,0.942857142857,0.936170212766,0.771428571429,0.805970149254,0.971428571429,0.944444444444,0.871428571429,0.884057971014
tfwh3y7tdfzljmat.onion,0.793654485314,0.930555555556,0.790476190476,0.957142857143,0.9,0.887323943662,0.685714285714,0.705882352941,0.957142857143,0.930555555556,0.728571428571,0.744525547445
tghtnwsywvvhromy.onion,0.985542001182,0.992805755396,0.97619047619,0.985714285714,0.971428571429,0.985507246377,0.957142857143,0.971014492754,0.985714285714,0.992805755396,0.985714285714,0.992805755396
tgkoolxrpybhtt5y.onion,0.51862244898,0.628571428571,0.514285714286,0.628571428571,0.614285714286,0.562091503268,0.4,0.4375,0.628571428571,0.628571428571,0.514285714286,0.489795918367
theches3nacocgsc.onion,0.919598094183,0.948905109489,0.9,0.928571428571,0.928571428571,0.948905109489,0.857142857143,0.882352941176,0.928571428571,0.948905109489,0.914285714286,0.927536231884
thehub7gqe43miyc.onion,0.973152735807,0.992805755396,0.957142857143,0.985714285714,0.985714285714,0.992805755396,0.914285714286,0.955223880597,0.985714285714,0.992805755396,0.971428571429,0.971428571429
thehur5keput4lad.onion,1.0,1.0,1.0,1.0,1.0,1.0,1.0,1.0,1.0,1.0,1.0,1.0
thjlexxdo6476dps.onion,0.146385301558,0.15763546798,0.12380952381,0.228571428571,0.0142857142857,0.0147058823529,0.142857142857,0.135135135135,0.228571428571,0.15763546798,0.0,
tigas3l7uusztiqu.onion,0.9662077597,0.992907801418,0.961904761905,1.0,0.971428571429,0.971428571429,0.914285714286,0.941176470588,1.0,0.992907801418,0.971428571429,0.964539007092
timaq4ygg2iegci7.onion,0.976425931475,0.992907801418,0.985714285714,1.0,1.0,0.985915492958,0.971428571429,0.964539007092,1.0,0.992907801418,0.985714285714,0.971830985915
tmskhzavkycdupbr.onion,0.687726260095,0.827067669173,0.666666666667,0.785714285714,0.7,0.725925925926,0.585714285714,0.569444444444,0.785714285714,0.827067669173,0.628571428571,0.666666666667
tochka3evlj3sxdv.onion,0.93956553732,0.985507246377,0.952380952381,0.971428571429,0.985714285714,0.992805755396,0.914285714286,0.847682119205,0.971428571429,0.985507246377,0.971428571429,0.985507246377
torhost3p7quiikq.onion,0.978572752978,0.992907801418,0.980952380952,1.0,1.0,0.992907801418,0.942857142857,0.970588235294,1.0,0.992907801418,1.0,0.972222222222
toristinkirir4xj.onion,0.952645502646,0.985714285714,0.961904761905,1.0,1.0,1.0,0.9,0.9,0.985714285714,0.985714285714,1.0,0.972222222222
torlinksccquz7bi.onion,0.829088292717,0.920863309353,0.809523809524,0.914285714286,0.928571428571,0.921985815603,0.685714285714,0.700729927007,0.914285714286,0.920863309353,0.828571428571,0.865671641791
torsniffrqvvkv4x.onion,0.262265512266,0.321428571429,0.17619047619,0.257142857143,0.171428571429,0.292682926829,0.257142857143,0.321428571429,0.0857142857143,0.155844155844,0.185714285714,0.309523809524
torvps7kzis5ujfz.onion,0.957833733014,0.992805755396,0.961904761905,0.985714285714,0.971428571429,0.978417266187,0.942857142857,0.916666666667,0.985714285714,0.992805755396,0.957142857143,0.964028776978
tqj4i7g4nx4ddbo6.onion,0.430128601884,0.527027027027,0.42380952381,0.557142857143,0.428571428571,0.434782608696,0.342857142857,0.36641221374,0.557142857143,0.527027027027,0.371428571429,0.396946564885
ts4cwattzgsiitv7.onion,0.848365238277,0.979020979021,0.838095238095,1.0,0.942857142857,0.95652173913,0.7,0.715328467153,1.0,0.979020979021,0.814285714286,0.850746268657
tssa3saypkimmkcy.onion,0.891874676556,0.964028776978,0.866666666667,0.957142857143,0.985714285714,0.985714285714,0.7,0.748091603053,0.942857142857,0.963503649635,0.957142857143,0.964028776978
tt3j2x4k5ycaa5zt.onion,0.653600686934,0.696296296296,0.661904761905,0.671428571429,0.8,0.751677852349,0.642857142857,0.629370629371,0.671428571429,0.696296296296,0.671428571429,0.635135135135
tt75atziadj4duff.onion,0.896427244253,0.952380952381,0.938095238095,1.0,1.0,0.965517241379,0.885714285714,0.794871794872,0.928571428571,0.942028985507,1.0,0.952380952381
tuu66yxvrnn3of7l.onion,0.790602240127,0.914285714286,0.771428571429,0.914285714286,0.871428571429,0.897058823529,0.628571428571,0.63309352518,0.914285714286,0.914285714286,0.771428571429,0.824427480916
udsmewv45lunzoo4.onion,0.842283950617,0.933333333333,0.828571428571,0.9,0.842857142857,0.874074074074,0.785714285714,0.763888888889,0.9,0.933333333333,0.8,0.82962962963
uj3wazyk5u4hnvtk.onion,0.841626245701,0.95652173913,0.871428571429,0.942857142857,0.971428571429,0.888888888889,0.771428571429,0.744827586207,0.942857142857,0.95652173913,0.9,0.823529411765
ukpassp4tbkcuvfg.onion,0.86573006014,0.898550724638,0.87619047619,0.928571428571,1.0,0.979020979021,0.814285714286,0.814285714286,0.928571428571,0.884353741497,0.885714285714,0.898550724638
underdj5ziov3ic7.onion,0.475739907256,0.615384615385,0.452380952381,0.571428571429,0.471428571429,0.540983606557,0.471428571429,0.468085106383,0.571428571429,0.615384615385,0.314285714286,0.34375
upv3wvf6sikfiluy.onion,0.981219958745,0.985915492958,0.995238095238,1.0,1.0,0.992907801418,0.985714285714,0.978723404255,1.0,0.979020979021,1.0,0.985915492958
usapi6ordn7yl2nx.onion,0.696570945163,0.763888888889,0.7,0.785714285714,0.8,0.772413793103,0.571428571429,0.588235294118,0.742857142857,0.737588652482,0.785714285714,0.763888888889
usd4cx7otgnx6wtp.onion,0.974646358208,1.0,0.995238095238,1.0,1.0,0.979020979021,1.0,0.958904109589,1.0,1.0,0.985714285714,0.965034965035
used2now7fin3qse.onion,0.767706427907,0.893617021277,0.747619047619,0.9,0.828571428571,0.840579710145,0.571428571429,0.615384615385,0.9,0.893617021277,0.771428571429,0.794117647059
usjudr3c6ez6tesi.onion,0.990476190476,1.0,0.990476190476,1.0,0.985714285714,0.985714285714,0.985714285714,0.985714285714,1.0,1.0,0.985714285714,0.985714285714
utvjqkyc4ejhzkwu.onion,0.757742360596,0.916666666667,0.757142857143,0.942857142857,0.871428571429,0.871428571429,0.628571428571,0.619718309859,0.942857142857,0.916666666667,0.7,0.736842105263
uuxrei5or65anucg.onion,0.229335153164,0.377358490566,0.247619047619,0.428571428571,0.2,0.201438848921,0.185714285714,0.172185430464,0.428571428571,0.377358490566,0.128571428571,0.138461538462
uzpsnetq2lpx6pv6.onion,0.965031568723,1.0,0.980952380952,1.0,1.0,0.985915492958,0.942857142857,0.929577464789,1.0,1.0,1.0,0.965517241379
v22g2o2smqhkji37.onion,0.981573237475,0.992907801418,1.0,1.0,1.0,0.992907801418,1.0,0.958904109589,1.0,0.992907801418,1.0,0.992907801418
vandyke4mvuffjkm.onion,0.900322310846,0.978723404255,0.919047619048,0.985714285714,0.971428571429,0.971428571429,0.814285714286,0.765100671141,0.985714285714,0.978723404255,0.957142857143,0.957142857143
vefqdlcknb2npgk6.onion,0.985781587496,1.0,0.985714285714,1.0,1.0,1.0,0.971428571429,0.964539007092,1.0,1.0,0.985714285714,0.992805755396
vendor7zqdpty4oo.onion,0.971631205674,1.0,0.97619047619,1.0,1.0,1.0,0.928571428571,0.921985815603,1.0,1.0,1.0,0.992907801418
vfqnd6mieccqyiit.onion,0.798127257981,0.909090909091,0.785714285714,0.928571428571,0.842857142857,0.893939393939,0.657142857143,0.69696969697,0.771428571429,0.788321167883,0.928571428571,0.909090909091
vh5xn7hvg22k4m7v.onion,0.693114584356,0.82119205298,0.747619047619,0.885714285714,0.842857142857,0.771241830065,0.6,0.541935483871,0.885714285714,0.82119205298,0.757142857143,0.716216216216
vichandcxw4gm3wy.onion,0.879400876091,0.950354609929,0.866666666667,0.957142857143,0.971428571429,0.971428571429,0.685714285714,0.744186046512,0.957142857143,0.943661971831,0.957142857143,0.950354609929
vola7ileiax4ueow.onion,0.979020979021,1.0,0.985714285714,1.0,1.0,1.0,0.957142857143,0.937062937063,1.0,1.0,1.0,1.0
vrimutd6so6a565x.onion,0.902874375648,0.916030534351,0.880952380952,0.914285714286,0.942857142857,0.95652173913,0.914285714286,0.888888888889,0.871428571429,0.903703703704,0.857142857143,0.916030534351
vtduisq4g6heuzom.onion,0.707514659573,0.928571428571,0.719047619048,0.928571428571,0.771428571429,0.788321167883,0.6,0.556291390728,0.928571428571,0.928571428571,0.628571428571,0.63768115942
vturtipc7vmz6xjy.onion,0.863620403666,0.927536231884,0.819047619048,0.914285714286,0.928571428571,0.955882352941,0.671428571429,0.746031746032,0.914285714286,0.927536231884,0.871428571429,0.917293233083
vu2wohoog2bytxgr.onion,0.7817016361,0.87323943662,0.809523809524,0.885714285714,0.871428571429,0.802631578947,0.771428571429,0.788321167883,0.885714285714,0.87323943662,0.771428571429,0.683544303797
vvvvvvvv766nz273.onion,0.878908977271,0.957746478873,0.933333333333,0.971428571429,0.985714285714,0.945205479452,0.885714285714,0.843537414966,0.971428571429,0.957746478873,0.942857142857,0.835443037975
w363zoq3ylux5rf5.onion,0.918281314408,0.951048951049,0.938095238095,0.971428571429,0.985714285714,0.938775510204,0.885714285714,0.87323943662,0.957142857143,0.930555555556,0.971428571429,0.951048951049
w5ifkainqlgtvg7a.onion,0.905031460725,0.978417266187,0.919047619048,0.971428571429,0.971428571429,0.951048951049,0.857142857143,0.827586206897,0.971428571429,0.978417266187,0.928571428571,0.909090909091
wacky2yx73r2bjys.onion,0.992907082784,1.0,0.995238095238,1.0,1.0,0.985915492958,0.985714285714,0.992805755396,1.0,1.0,1.0,0.985915492958
wbyi72yt6gitdcqd.onion,0.871156857726,0.877697841727,0.9,0.914285714286,0.957142857143,0.930555555556,0.871428571429,0.877697841727,0.914285714286,0.859060402685,0.914285714286,0.876712328767
wdnqg3ehh3hvalpe.onion,0.598058399573,0.758620689655,0.585714285714,0.785714285714,0.671428571429,0.686131386861,0.571428571429,0.583941605839,0.785714285714,0.758620689655,0.4,0.451612903226
weasylartw55noh2.onion,1.0,1.0,1.0,1.0,1.0,1.0,1.0,1.0,1.0,1.0,1.0,1.0
webmpwnf4p2cssrw.onion,0.782646465754,0.907692307692,0.728571428571,0.842857142857,0.814285714286,0.857142857143,0.585714285714,0.672131147541,0.757142857143,0.768115942029,0.842857142857,0.907692307692
weedb3o5w74js57g.onion,0.240466837689,0.38961038961,0.266666666667,0.428571428571,0.371428571429,0.333333333333,0.1,0.0972222222222,0.271428571429,0.234567901235,0.428571428571,0.38961038961
whonix4iscgg7zzk.onion,0.53794234978,0.710743801653,0.504761904762,0.614285714286,0.614285714286,0.677165354331,0.471428571429,0.471428571429,0.428571428571,0.431654676259,0.614285714286,0.710743801653
wi7qkxyrdpu5cmvr.onion,0.964769309315,0.985915492958,0.980952380952,1.0,1.0,0.979020979021,0.942857142857,0.936170212766,1.0,0.985915492958,1.0,0.972222222222
wiki5kauuihowqi5.onion,0.0672096994536,0.114754098361,0.0619047619048,0.1,0.0428571428571,0.048,0.0428571428571,0.04,0.1,0.114754098361,0.0428571428571,0.046875
wikitjerrta4qgz4.onion,0.889510006901,0.942857142857,0.885714285714,0.942857142857,0.928571428571,0.935251798561,0.785714285714,0.797101449275,0.942857142857,0.942857142857,0.928571428571,0.928571428571
wikitorcwogtsifs.onion,0.983381329229,0.992805755396,0.980952380952,0.985714285714,0.985714285714,0.992805755396,0.985714285714,0.971830985915,0.985714285714,0.992805755396,0.971428571429,0.985507246377
wk6nc6liyporkjtp.onion,0.438817632316,0.514705882353,0.42380952381,0.5,0.485714285714,0.535433070866,0.5,0.514705882353,0.442857142857,0.455882352941,0.328571428571,0.345864661654
wlupld3ptjvsgwqw.onion,0.95197383335,1.0,0.966666666667,1.0,1.0,0.992907801418,0.9,0.86301369863,1.0,1.0,1.0,0.992907801418
wtutoxfznz45gf6c.onion,0.74435927673,0.8,0.761904761905,0.9,0.814285714286,0.808510638298,0.585714285714,0.640625,0.9,0.792452830189,0.8,0.8
xdsa5xcrrrxxxolc.onion,0.983247687564,1.0,0.980952380952,1.0,1.0,1.0,0.957142857143,0.964028776978,1.0,1.0,0.985714285714,0.985714285714
xfmro3e2pkpej6tw.onion,0.940601977098,0.965034965035,0.947619047619,0.985714285714,0.971428571429,0.957746478873,0.9,0.919708029197,0.985714285714,0.965034965035,0.957142857143,0.937062937063
xfmro77i3lixucja.onion,0.957543166054,0.978723404255,0.966666666667,0.985714285714,0.971428571429,0.978417266187,0.942857142857,0.942857142857,0.985714285714,0.978723404255,0.971428571429,0.951048951049
xfnwyig7olypdq5r.onion,0.784556188964,0.857142857143,0.790476190476,0.857142857143,0.928571428571,0.915492957746,0.714285714286,0.684931506849,0.8,0.811594202899,0.857142857143,0.857142857143
xilliayhoiuv5qmk.onion,0.794636015326,0.913043478261,0.795238095238,0.9,0.9,0.893617021277,0.742857142857,0.71724137931,0.9,0.913043478261,0.742857142857,0.753623188406
xiwayuybs2l2vdcq.onion,0.337155126141,0.550724637681,0.319047619048,0.542857142857,0.485714285714,0.511278195489,0.328571428571,0.340740740741,0.0857142857143,0.12,0.542857142857,0.550724637681
xkow4dnkw7cusncz.onion,0.958525928278,0.992907801418,0.957142857143,1.0,1.0,0.992907801418,0.871428571429,0.910447761194,1.0,0.972222222222,1.0,0.992907801418
xlvtwpdl2xgnyen6.onion,0.950501653367,0.992805755396,0.928571428571,0.985714285714,0.957142857143,0.978102189781,0.842857142857,0.880597014925,0.985714285714,0.992805755396,0.957142857143,0.978102189781
xnordic6virmmls3.onion,0.787664028423,0.879432624113,0.804761904762,0.885714285714,0.914285714286,0.87074829932,0.7,0.705035971223,0.885714285714,0.879432624113,0.828571428571,0.778523489933
xnyvcjj6ybauprjx.onion,0.444182675837,0.615384615385,0.447619047619,0.628571428571,0.471428571429,0.492537313433,0.4,0.402877697842,0.628571428571,0.615384615385,0.314285714286,0.314285714286
xpgylzydxykgdqyg.onion,0.861134543865,0.978417266187,0.871428571429,0.971428571429,0.957142857143,0.950354609929,0.8,0.823529411765,0.971428571429,0.978417266187,0.842857142857,0.781456953642
xqrqbzhii6m6sdrv.onion,0.902190674978,0.930555555556,0.909523809524,0.957142857143,0.971428571429,0.951048951049,0.828571428571,0.865671641791,0.942857142857,0.910344827586,0.957142857143,0.930555555556
y3okdpapmjnfgcpy.onion,0.0773554185077,0.0990099009901,0.0666666666667,0.0714285714286,0.0857142857143,0.100840336134,0.0571428571429,0.0536912751678,0.0714285714286,0.0990099009901,0.0714285714286,0.0793650793651
y5fmhyqdr6r7ddws.onion,0.90102952603,0.958333333333,0.9,0.985714285714,0.971428571429,0.957746478873,0.814285714286,0.863636363636,0.9,0.881118881119,0.985714285714,0.958333333333
ycbyqp3swnbakcay.onion,0.176835522942,0.357142857143,0.247619047619,0.571428571429,0.157142857143,0.149659863946,0.0714285714286,0.0704225352113,0.571428571429,0.357142857143,0.1,0.102941176471
yigoq5oba4dcrump.onion,0.0942650367938,0.126984126984,0.0904761904762,0.114285714286,0.0714285714286,0.0735294117647,0.1,0.0965517241379,0.114285714286,0.126984126984,0.0571428571429,0.0592592592593
yiy4ksveqrax675y.onion,0.191359047531,0.311111111111,0.185714285714,0.3,0.3,0.313432835821,0.242857142857,0.239436619718,0.0142857142857,0.0235294117647,0.3,0.311111111111
ykrxnmvcmozu5maa.onion,0.0603126255896,0.0776699029126,0.052380952381,0.0571428571429,0.0571428571429,0.0601503759398,0.0428571428571,0.0444444444444,0.0571428571429,0.0776699029126,0.0571428571429,0.0588235294118
yuxv6qujajqvmypv.onion,0.789417989418,0.857142857143,0.809523809524,0.885714285714,0.914285714286,0.864864864865,0.685714285714,0.711111111111,0.857142857143,0.857142857143,0.885714285714,0.8
z2hjm7uhwisw5jm5.onion,0.934909762992,0.945205479452,0.957142857143,0.985714285714,0.971428571429,0.951048951049,0.942857142857,0.916666666667,0.942857142857,0.942857142857,0.985714285714,0.945205479452
zdobrh7ncrwttnjq.onion,0.97209181012,0.985915492958,0.990476190476,1.0,1.0,0.979020979021,0.971428571429,0.944444444444,1.0,0.985915492958,1.0,0.985915492958
zehli6zvgf3knxmt.onion,0.0859833302543,0.11320754717,0.0904761904762,0.128571428571,0.1,0.0927152317881,0.128571428571,0.11320754717,0.0285714285714,0.0459770114943,0.114285714286,0.0987654320988
zerobinqmdqd236y.onion,0.907131268583,0.978723404255,0.933333333333,0.985714285714,0.971428571429,0.978417266187,0.842857142857,0.771241830065,0.971428571429,0.971428571429,0.985714285714,0.978723404255
zeroerfjaacldxzf.onion,0.905733429439,0.964028776978,0.909523809524,0.957142857143,0.971428571429,0.964539007092,0.814285714286,0.802816901408,0.957142857143,0.964028776978,0.957142857143,0.950354609929
zgfgvob256pffy62.onion,0.975596766039,0.992805755396,0.957142857143,0.985714285714,1.0,1.0,0.928571428571,0.955882352941,0.985714285714,0.992805755396,0.957142857143,0.978102189781
zgrl6sghf5jh37zz.onion,0.973753508821,0.992907801418,0.97619047619,1.0,1.0,0.985915492958,0.942857142857,0.95652173913,1.0,0.992907801418,0.985714285714,0.971830985915
zrwxcayqc4jgggnm.onion,0.975774632595,0.992805755396,0.961904761905,0.985714285714,0.985714285714,0.992805755396,0.942857142857,0.963503649635,0.957142857143,0.971014492754,0.985714285714,0.992805755396
zupyv3e5spdok6nw.onion,0.949910870774,0.992805755396,0.971428571429,0.985714285714,0.985714285714,0.978723404255,0.942857142857,0.891891891892,0.985714285714,0.992805755396,0.985714285714,0.965034965035
zzq7gpluliw6iq7l.onion,0.852881648772,0.918918918919,0.880952380952,0.971428571429,0.928571428571,0.921985815603,0.771428571429,0.739726027397,0.971428571429,0.918918918919,0.9,0.9
zzzcgjit65yyn4ji.onion,0.980640812643,0.992805755396,0.966666666667,0.985714285714,0.971428571429,0.985507246377,0.957142857143,0.971014492754,0.985714285714,0.992805755396,0.957142857143,0.978102189781
